"idplant","sname","refimg",""
"P00001","Abelmoschus moschatus","http://roshanbaskota.com.np/wp-content/uploads/2011/08/latakasturi.jpg",""
"P00002","Abrus precatorius","http://florabase.dpaw.wa.gov.au/science/timage/16979ic1.jpg",""
"P00003","Acacia sieberiana","http://ts-den.aluka.org/fsi/img/size2/alukaplant/pre/phase_01/pre0002/presld0001262.jpg",""
"P00004","Acanthopanax senticosus","http://www.gadar.cz/fotky6629/fotos/_vyrd12_352333.jpg",""
"P00005","Achillea santolina","http://www.pfaf.org/Admin/PlantImages/AchilleaSantolina.jpg",""
"P00006","Achyranthes aspera","http://upload.wikimedia.org/wikipedia/commons/0/05/Achyranthes_aspera_at_Kadavoor.jpg",""
"P00007","Achyranthes bidentata","http://www.cnseed.org/wp-content/uploads/Achyranthes%20bidentata%20seed.jpg",""
"P00008","Achyranthes fauriei","http://flowers.la.coocan.jp/Amaranthaceae/Achyranthes%20fauriei%20rotundifolia/DSC09973.JPG",""
"P00009","Aconitum carmichaelii","http://stories.rbge.org.uk/wp-content/uploads/2013/12/Aconitum-carmichaelii-Arendsii-19693053A-008.jpg",""
"P00010","Aconitum japonicum","http://upload.wikimedia.org/wikipedia/commons/3/3a/Aconitum_japonicum_01.jpg",""
"P00011","Acori tatarinowii","",""
"P00012","Acorus calamus","http://upload.wikimedia.org/wikipedia/commons/3/37/Acorus_calamus1.jpg",""
"P00013","Acorus gramineus","http://upload.wikimedia.org/wikipedia/commons/f/f3/Acorus_gramineus.jpg",""
"P00014","Actinidia chinensis","http://lve-baumschule.de/i/pflanzen/Actinidia-chinensis__8170.jpg",""
"P00015","Artocarpus communis","http://earthmedicineinstitute.com/wp-content/uploads/2012/05/Artocarpus_communis_02.jpg",""
"P00016","Adenophora stricta","http://pics.davesgarden.com/pics/2001/08/01/poppysue/b76c1c.jpg",""
"P00017","Aegle marmelos","http://upload.wikimedia.org/wikipedia/commons/b/b2/Bael_(Aegle_marmelos)_tree_at_Narendrapur_W_IMG_4116.jpg",""
"P00018","Aesculus hippocastanum","http://www.cas.vanderbilt.edu/bioimages/biohires/a/haehi--lf29702.jpg",""
"P00019","Agaricus blazei","http://www.medicalmushrooms.net/uploads/c4108050209/agaricus-blazei-gods-mushroom.jpg",""
"P00020","Agastache rugosa","http://www.nzplantpics.com/pics_herbs/korean_mint_agastache%20rugosa_01.jpg",""
"P00021","Aglaia odorata","http://upload.wikimedia.org/wikipedia/commons/1/19/Starr_070123-3690_Aglaia_odorata.jpg",""
"P00022","Agrimonia pilosa","http://www.plantoftheweek.org/image/agrimoniap.jpg",""
"P00023","Akebia quinata","http://upload.wikimedia.org/wikipedia/commons/f/f8/Akebia_quinata_leaf.jpg",""
"P00024","Akebia trifoliata","http://www.banana-tree.com/SiteData/Products/image18990.jpg",""
"P00025","Albizia falcataria","http://www.ursad.ru/r1/Albizia-falcataria.jpg",""
"P00026","Alchemilla vulgaris","http://upload.wikimedia.org/wikipedia/commons/5/57/Alchemilla_vulgaris.jpg",""
"P00027","Aleurites moluccana","http://www.seedman.com/image/rmc003.jpg",""
"P00028","Alisma orientale","http://www.nature-museum.net/data/ca64dff9-02bb-4a1a-b9a5-d3385e1ea1f6.photonormal",""
"P00029","Alisma plantago-aquatica","http://asperupgaard.dk/garden/plantegrupper/vandplanter/alisma_plantago-aquatica_-_vejbred-skeblad/06-09-2006_15-00-48_17.jpg",""
"P00030","Alismatis orientalis","http://herbvideos.com/images/duck1.jpg",""
"P00031","Allium ascalonicum","http://www.medicinalplantsinnigeria.com/gallery_a/slides/Allium%20ascalonicum(alubosa-elewe).JPG",""
"P00032","Allium cepae","http://hendraxsap.files.wordpress.com/2013/03/bawang-merah.jpg",""
"P00033","Allium fistulosum","http://www.gardensonline.com.au/Uploads/Plant/2737/AlliumFistulosumSpringOnion420.jpg",""
"P00034","Allium sativum","http://cdn.c.photoshelter.com/img-get/I0000HrebIVMQYrM/s/750/750/Garlic-Picardy-Wight-39009.jpg",""
"P00035","Allium tuberosum","http://upload.wikimedia.org/wikipedia/commons/7/73/Allium_tuberosum_HabitusInflorescences_BotGardBln0906.JPG",""
"P00036","Allium ursinum","http://upload.wikimedia.org/wikipedia/commons/8/8b/Allium_ursinum0.jpg",""
"P00037","Alocasia cucullata","http://palmaris.org/imagejpg/photos/alocasia_cucullata3.jpg",""
"P00038","Aloe vera","http://www.simplynaturalproducts.com/wp-content/uploads/2013/08/image001.png",""
"P00039","Alpinia galanga","http://www.ecoplanet.in/herbalextracts/images/Alpinia%20galanga.jpg",""
"P00040","Alpinia katsumadai","http://margaret.healthblogs.org/files/2011/02/Alpinia-katsumadai-2.jpg",""
"P00041","Alpinia officinarum","http://www.exot-nutz-zier.de/images/prod_images/Alpinia_officinarum.jpg",""
"P00042","Alstonia macrophylla","http://upload.wikimedia.org/wikipedia/commons/5/53/Batino_(Alstonia_macrophylla)_tree_with_fruits_at_Hyderabad,_AP_W_277.jpg",""
"P00043","Alstonia scholaris","http://toptropicals.com/pics/garden/m1/Podarki6/Alstonia_scholaris_9MKh.jpg",""
"P00044","Alstonia spectabilis","http://keys.trin.org.au/key-server/data/0e0f0504-0103-430d-8004-060d07080d04/media/Images/1794005.jpg",""
"P00045","Alternanthera sessilis","http://opendata.keystone-foundation.org/wp-content/uploads/2010/09/Alternanthera-sessilis.jpg",""
"P00046","Alunite sp.","",""
"P00047","Alyxia reinwardtii","http://m1.i.pbase.com/g4/48/839548/2/142837161.3w2AiRVB.jpg",""
"P00048","Alyxia stellata","http://upload.wikimedia.org/wikipedia/commons/b/b2/Alyxia_stellata_(5209389225).jpg",""
"P00049","Amaranthus spinosus","http://www.missouriplants.com/Greenalt/Amaranthus_spinosus_plant.jpg",""
"P00050","Amomum cardamomum","http://3.bp.blogspot.com/-UOqloyrynk8/T-PmHPG1lLI/AAAAAAAADjk/_P4yvkWqPV0/s1600/kapulogo.jpg",""
"P00051","Amomum compactum","http://upload.wikimedia.org/wikipedia/commons/d/da/Amomum_compactum.jpg",""
"P00052","Amomum kravanh","http://5.share.photo.xuite.net/wmwm5600/15762f1/11026196/515369181_m.jpg",""
"P00053","Amomum xanthioides","http://herb.daegu.go.kr/data/material/A_0105_0_123.jpg",""
"P00054","Amorphophallus konjac","http://natureproducts.net/Forest_Products/Aroids/Amorphophallus_konjac_400.jpg",""
"P00055","Amyda japonica","",""
"P00056","Anacardium occidentale","http://www.botanicalgarden.ubc.ca/potd/anacardium_occidentale.jpg",""
"P00057","Ananas comosus","http://www.lapshin.org/cultivar/N36/Pogany/Ananas-comosus-Variegatus.jpg",""
"P00058","Andrographidis paniculata","",""
"P00059","Andrographis paniculata","http://upload.wikimedia.org/wikipedia/commons/3/33/Andrographis-paniculata.jpg",""
"P00060","Andropogon citratus","http://stuartxchange.com/Tanglad1a.jpg",""
"P00061","Andropogon nardus","http://farm7.static.flickr.com/6063/6154917787_0e73a6e440_o.jpg",""
"P00062","Andropogon zizanioides","http://kadipakalsel.files.wordpress.com/2010/03/akarwangi.jpg",""
"P00063","Andropogon sorghum","",""
"P00064","Anemarrhena asphodeloides","http://www.pfaf.org/Admin/PlantImages/AnemarrhenaAsphodeloides2.jpg",""
"P00065","Anethum graveolens","http://upload.wikimedia.org/wikipedia/commons/1/1a/Anethum_graveolens_Ven.JPG",""
"P00066","Angelica acutiloba","http://upload.wikimedia.org/wikipedia/commons/0/09/Angelica_acutiloba_subsp._iwatensis.JPG",""
"P00067","Angelica dahurica","http://www.henriettes-herb.com/files/images/photos/a/an/angelica-dahurica.jpg",""
"P00068","Angelica decursiva","http://flowers.la.coocan.jp/Umbelliferae/Angelica%20decursiva/DSC02726.JPG",""
"P00069","Angelica keiskei","http://avrdc.org/wp-content/uploads/2012/07/ashitaba-inside.jpg",""
"P00070","Angelica pubescens","http://www.asianflora.com/Apiaceae/Angelica-pubescens.jpg",""
"P00071","Angelicae pubescentis","",""
"P00072","Angelica sinensis","http://www.canada.harenamaris.com/images/ingredients/Angelica_Sinensis_02.jpg",""
"P00073","Anisi stellati","http://farm3.static.flickr.com/2608/4179044723_5171a38dd3.jpg",""
"P00074","Anisum vulgare","http://irapl.altervista.org/cpm/albums/bot-units11/pimpinella-anisum9845.jpg",""
"P00075","Annona muricata","http://upload.wikimedia.org/wikipedia/commons/6/6d/Annona_muricata_1.jpg",""
"P00076","Anthrospira","",""
"P00077","Apis indica","",""
"P00078","Apis mellifera","",""
"P00079","Apium graveolens","http://upload.wikimedia.org/wikipedia/commons/e/e6/Apium_graveolens_002.JPG",""
"P00080","Aquilaria sinensis","http://upload.wikimedia.org/wikipedia/commons/b/bc/HK_Aquilaria_sinensis_Leaves.JPG",""
"P00081","Arachis hypogaea","http://upload.wikimedia.org/wikipedia/commons/7/78/Arachis_hypogaea_1.jpg",""
"P00082","Aralia cordata","http://upload.wikimedia.org/wikipedia/commons/9/99/Aralia_cordata_.JPG",""
"P00083","Arcangelisia flava","http://home.hiroshima-u.ac.jp/~shoyaku/photo/Thai/020305Arcan.jpg",""
"P00084","Arctium lappa","http://tryonfarm.org/share/files/images/Burdock%20Arctium%20lappa.jpg",""
"P00085","Ardisia crenata","http://www.boga.ruhr-uni-bochum.de/html/Ardisia.crenata.ja.jpg",""
"P00086","Areca catechu","http://www.pacsoa.org.au/w/images/7/78/Areca_catechu03.jpg",""
"P00087","Arenga pinnata","http://www.pacsoa.org.au/w/images/1/13/Arenga_pinnata.jpg",""
"P00088","Argemone mexicana","http://upload.wikimedia.org/wikipedia/commons/c/c7/Starr_080415-4031_Argemone_mexicana.jpg",""
"P00089","Arisaema consanguineum","http://www.srgc.org.uk/bulblog/log2004/160604/Arisaema%20consanguineum.jpg",""
"P00090","Arisaema erubescens","http://www.alpinegardensociety.net/shows/results/shows2009/shows/leeds/images/Don_Peace/sizedArisaema_erubescens_-_John_Bunn.jpg",""
"P00091","Arisaema heterophyllum","http://upload.wikimedia.org/wikipedia/commons/5/54/Arisaema_heterophyllum,_RBGE_2010.jpg",""
"P00092","Aristolochia debile","",""
"P00093","Armeniacae amarum","http://i01.i.aliimg.com/photo/v0/304197955/High_quality_Semen_Armeniacae_Amarum_P_E.jpg",""
"P00094","Artemisia annua","http://upload.wikimedia.org/wikipedia/commons/5/59/Artemisia_annua_detail.jpeg",""
"P00095","Artemisia capillaris","http://www.getwellnatural.com/images/products/detail/artemisia-capillaris-detail.jpg",""
"P00096","Artemisia cina","http://www.rolv.no/images/medisinplanter/A/arte_cin1.jpg",""
"P00097","Artemisia lactiflora","http://www.joycreek.com/images/artemisia-lactiflora-guizhou-101-018.jpg",""
"P00098","Artemisia princeps","https://www.horizonherbs.com/images/products/Yomogi_1_artemisia_princeps.jpg",""
"P00099","Artemisia scoparia","http://www.natureloveyou.sg/Artemisia%20scoparia/DSC01681%20(08).jpg",""
"P00100","Artocarpus altilis","http://upload.wikimedia.org/wikipedia/commons/5/58/Artocarpus_altilis.jpg",""
"P00101","Artocarpus communis","http://earthmedicineinstitute.com/wp-content/uploads/2012/05/Artocarpus_communis_02.jpg",""
"P00102","Artocarpus heterophyllus","http://upload.wikimedia.org/wikipedia/commons/9/9c/Starr_070403-6454_Artocarpus_heterophyllus.jpg",""
"P00103","Artocarpus integra","http://1.bp.blogspot.com/-wfpXP1R-qbA/TkzxqEzB2ZI/AAAAAAAAAJ0/lPjlUX5FKYk/s1600/nangka.jpg",""
"P00104","Asarum sieboldii","http://upload.wikimedia.org/wikipedia/ja/archive/e/ed/20080516100146!%E3%82%A6%E3%82%B9%E3%83%90%E3%82%B5%E3%82%A4%E3%82%B7%E3%83%B3_Asarum_sieboldii.JPG",""
"P00105","Asiasarum sieboldii","http://www.musashino-p.co.jp/plant/plant-oz/fl7usubasaisinl.jpg",""
"P00106","Asparagus cochinchinensis","http://www.mytho-fleurs.com/images/Fleurs_du_Vietnam/Asparagus_cochinchinensis.jpg",""
"P00107","Asparagus officinalis","http://www.florafinder.com/LargePhotos/DF/Asparagus_officinalis-3DCBFCFFCF.jpg",""
"P00108","Aster tataricus","http://upload.wikimedia.org/wikipedia/commons/1/1e/Aster_tataricus1.jpg",""
"P00109","Aster tataricus","",""
"P00110","Astragalus membranaceus","http://upload.wikimedia.org/wikipedia/commons/0/0f/Astragalus_membranaceus.jpg",""
"P00111","Atractylodes chinensis","http://libproject.hkbu.edu.hk/trsimage/mpd/D01358.jpg",""
"P00112","Atractylodes japonica","http://www.henriettes-herb.com/files/images/photos/a/at/d08_3121_atractylodes-japonica.jpg",""
"P00113","Atractylodes lancea","http://www.rryaoye.com/English/Upfile/2012228/2012022858267813.jpg",""
"P00114","Atractylodes macrocephala","http://www.pfaf.org/Admin/PlantImages/AtractylodesMacrocephala.jpg",""
"P00115","Atractylodes ovata","http://www.mukogawa-u.info/botanic/database/assets_c/2010/08/641_data01-thumb-600x494-430.jpg",""
"P00116","Atractylodis alba","",""
"P00117","Atractylodis macrocephalae","http://4.bp.blogspot.com/-KJ8eohlCgDc/T_ZG9jUXW0I/AAAAAAAAEUo/zIi0nw9N6iY/s550/White-atractylodes-%2528Baizhu%2529.jpg",""
"P00118","Aucklandiae lappae","",""
"P00119","Avena sativa","http://www.agroatlas.ru/content/cultural/Avena_sativa_K/Avena_sativa_K.jpg",""
"P00120","Averrhoa bilimbi","http://toptropicals.com/pics/garden/2004/1/1885.jpg",""
"P00121","Averrhoa carambola","http://upload.wikimedia.org/wikipedia/commons/6/62/Averrhoa_carambola_ARS_k5735-7.jpg",""
"P00122","Azadirachta indica","http://upload.wikimedia.org/wikipedia/commons/2/20/Neem_(Azadirachta_indica)_in_Hyderabad_W_IMG_6976.jpg",""
"P00123","Baeckea frutescens","http://www.noosanativeplants.com.au/images/photos/600x600_Baeckea%20frutescens%201.jpg",""
"P00124","Balsamodendron myrrha","",""
"P00125","Bambusa tuldoides","http://www.bambooweb.info/images/bamboo/B.T.VentricosaKimmei.jpg",""
"P00126","Bambusa vulgaris","http://www.bambooweb.info/images/bamboo/BAMBUSA_vulgaris__Vittata_.jpg",""
"P00127","Baptisia tinctoria","http://www.ct-botanical-society.org/galleries/pics_b/baptisiatinc_pl.jpg",""
"P00128","Barathranthus axanthus","",""
"P00129","Barosma betulina","http://herba.bf-1.com/wp-content/uploads/2010/08/MedicinalPlants_Plant_Image.aspx_.jpeg",""
"P00130","Belamcanda chinensis","http://libproject.hkbu.edu.hk/was40/detail?lang=en&record=1&channelid=1288&searchword=Belamcanda+chinensis&extension=all&sortfield=%2Bname_formal_latin_sort",""
"P00131","Benincasa cerifera","http://blogimg.goo.ne.jp/user_image/6b/19/28ae7eacc98368fc55cd6ead83261019.jpg",""
"P00132","Benincasa hispida","http://b-and-t-world-seeds.com/images/69004.jpg",""
"P00133","Berberis vulgaris","http://www.homeopathyandmore.com/med_images/BERBERIS_VULGARIS.jpg",""
"P00134","Beta vulgaris","http://upload.wikimedia.org/wikipedia/commons/4/45/Chard_(Beta_vulgaris_var_cicla).jpg",""
"P00135","Betula alba","http://www.prestigeplants.com.au/files/ovhslbocoa/BETULA-PENDULA-ALBA-SILVER-BIRCH--w267h400.jpg",""
"P00136","Bidens pilosa","http://upload.wikimedia.org/wikipedia/commons/4/4a/Bidens_pilosa_(5).JPG",""
"P00137","Biota orientalis","http://thinkoholic.com/media/2009/01/gehoelze/biota%20orientalis%20090109-145810.jpg",""
"P00138","Bixa orellana","http://www.messersmith.name/wordpress/wp-content/uploads/2010/12/paint_plant_bixa_orellana_IMG_9843.jpg",""
"P00139","Bletilla striata","http://upload.wikimedia.org/wikipedia/commons/d/dc/OrtoBotPadova_Bletilla_striata.jpg",""
"P00140","Blumea balsamifera","http://www.balinghasai-farms.info/wp-content/uploads/2012/09/Blumea-balsamifera-2.jpg",""
"P00141","Boerhaavia diffusa","http://upload.wikimedia.org/wikipedia/commons/2/23/Boerhaavia_diffusa.jpg",""
"P00142","Boesenbergia pandurata","http://thaipostsell.com/~images/bulb/2226_1.jpg",""
"P00143","Bolbostemma paniculatum","http://fzrm.com/herbextract/herbalimage/herbimage/bolbostemma%20paniculatum%20(Maxim.)%20Franquet..jpg",""
"P00144","Borreria hispida","http://www.discoverlife.org/IM/I_PAO/0088/640/Borreria_hispida,I_PAO8845.jpg",""
"P00145","Boswellia carteri","https://tranceplants.net/avactis-images/frankincenseplant.JPG",""
"P00146","Boswellia carterii","",""
"P00147","Boswellia sacra","http://upload.wikimedia.org/wikipedia/commons/3/33/Boswellia_sacra.jpg",""
"P00148","Brassica juncea","http://newfs.s3.amazonaws.com/taxon-images-1000s1000/Brassicaceae/brassica-juncea-fl-gmittelhauser-b.jpg",""
"P00149","Brassica napus","http://www.missouriplants.com/Yellowalt/Brassica_napus_plant.jpg",""
"P00150","Brassica nigra","http://upload.wikimedia.org/wikipedia/commons/f/f2/Brassica_nigra_'Black_Mustard'_(Cruciferae)_plant.JPG",""
"P00151","Brassica oleracea","http://upload.wikimedia.org/wikipedia/commons/0/08/Growing_Cauliflower.jpg",""
"P00152","Brucea javanica","http://b-and-t-world-seeds.com/images/85548.jpg",""
"P00153","Brugmansia candida","http://upload.wikimedia.org/wikipedia/commons/9/92/Brugmansia_candida_tree.jpg",""
"P00154","Bupleurum chinense","http://libproject.hkbu.edu.hk/was40/detail?lang=en&record=1&channelid=1288&searchword=Bupleurum+chinense&extension=all&sortfield=%2Bname_formal_latin_sort",""
"P00155","Bupleurum falcatum","http://upload.wikimedia.org/wikipedia/commons/e/ee/Bupleurum_falcatum1_eF.jpg",""
"P00156","Butea superba","http://raincure.com/wp-content/uploads/2013/12/Butea-superba.jpg",""
"P00157","Caesalpinia sappan","http://upload.wikimedia.org/wikipedia/commons/7/7e/Caesalpinia_sappan_(Sappan_wood)_W3_IMG_3339.jpg",""
"P00158","Calamus draco","http://www.mdidea.com/products/proper/calamus_draco.jpg",""
"P00159","Calvatia gigantea","http://www.mushroomexpert.com/images/kuo2/calvatia_gigantea_01.jpg",""
"P00160","Camellia sinensis","http://upload.wikimedia.org/wikipedia/commons/7/71/Csinensis.jpg",""
"P00161","Canangium odoratum","http://www.binhminhjsc.com/vn/components/com_virtuemart/shop_image/product/Ho__ng_Lan__Cana_4ddbd05540dc5.jpg",""
"P00162","Canarium commune","http://gallery.trip.sk/var/albums/Travels/SriLanka-2006/Kandy-2006/dscf0454.jpg?m=1318718674",""
"P00163","Cannabis sativa","http://upload.wikimedia.org/wikipedia/commons/d/dd/Cannabis_sativa_plant_(4).JPG",""
"P00164","Capparis acuminata","",""
"P00165","Capsicum annuum","http://www.homeopathyandmore.com/med_images/CAPSICUM_ANNUUM.jpg",""
"P00166","Capsicum frutescens","http://b-and-t-world-seeds.com/images/3084.jpg",""
"P00167","Caralluma fimbriata","http://www.greenchem.biz/Images/ProductImages/carallumafimbriata.jpg",""
"P00168","Carica papaya","http://wildlifeofhawaii.com/images/flowers/Carica-papaya-1.jpg",""
"P00169","Carthamus tinctorius","http://callisto-cosmetics.gr/images/usrImage/0854592001353314741.jpg",""
"P00170","Carum carvi","http://upload.wikimedia.org/wikipedia/commons/8/8e/Carum_carvi_002.JPG",""
"P00171","Carum copticum","http://www.ecoplanet.in/Herbsandplants/images/carum%20copticum.jpg",""
"P00172","Caryophyllus aromaticus","http://www.foodandwine.hu/wp-content/uploads/2009/09/Caryophyllus_aromaticus-3.jpg",""
"P00173","Cassia alata","http://namthaoduoc.com/wp-content/uploads/2013/09/Thao-duoc-dieu-tri-tao-bon-cuc-hieu-qua-3.jpg",""
"P00174","Cassia angustifolia","http://www.4to40.com/images/ayurveda/Herbs/Angustifolia.jpg",""
"P00175","Cassia fistula","http://upload.wikimedia.org/wikipedia/commons/7/75/Cassia_fistula-foz01.JPG",""
"P00176","Cassia siamea","http://toptropicals.com/pics/garden/m1/Podarki5/Cassia_siamea_5MKh.jpg",""
"P00177","Cassia tora","http://opendata.keystone-foundation.org/wp-content/uploads/2010/09/Cassia-tora.jpg",""
"P00178","Cassia obtusifolia","http://jimbotany.com/Monastery_Plants/Senna%20obtusifolia%20%202012-08-03.jpg",""
"P00179","Cassytha filiformis","http://upload.wikimedia.org/wikipedia/commons/0/0b/Starr_070321-5936_Cassytha_filiformis.jpg",""
"P00180","Casuarina equisetifolia","http://upload.wikimedia.org/wikipedia/commons/6/6f/Casuarina_equisetifolia_-_Darwin_NT.jpg",""
"P00181","Catharanthus roseus","http://usviany.files.wordpress.com/2008/06/catharanthus_roseus_211.jpg",""
"P00182","Ceiba pentandra","http://upload.wikimedia.org/wikipedia/commons/6/60/Ceiba_pentandra_0008.jpg",""
"P00183","Celosia cristata","http://upload.wikimedia.org/wikipedia/commons/5/50/CelosiaCristataYellowToreador.jpg",""
"P00184","Centella asiatica","http://upload.wikimedia.org/wikipedia/commons/2/25/Hoa_v%C3%A0_l%C3%A1_rau_m%C3%A1.jpg",""
"P00185","Chaenomeles sinensis","http://upload.wikimedia.org/wikipedia/commons/2/24/Chaenomeles_sinensis_3.JPG",""
"P00186","Chaenomeles speciosa","http://upload.wikimedia.org/wikipedia/commons/1/14/Chaenomeles_speciosa_01.JPG",""
"P00187","Chlorella vulgaris","http://harmonicarts.ca/wp-content/uploads/2013/04/chlorella_vulgaris_beij_1_0.jpg",""
"P00188","Chrysanthemum indicum","http://lve-baumschule.de/i/pflanzen/Chrysanthemum-Indicum-Hybriden__2386.jpg",""
"P00189","Chrysanthemum morifolium","http://upload.wikimedia.org/wikipedia/commons/2/27/Chrysanthemum_morifolium_cvs2.jpg",""
"P00190","Cibotium barometz","http://upload.wikimedia.org/wikipedia/commons/3/39/Cibotium_barometz_-_Botanischer_Garten_M%C3%BCnchen-Nymphenburg_-_DSC08046.JPG",""
"P00191","Cichorium intybus","http://www.missouriplants.com/Bluealt/Cichorium_intybus_plant.jpg",""
"P00192","Cimicifuga foetida","http://rheum.huh.harvard.edu/zimage/std/skelley20070801015338.jpg",""
"P00193","Cimicifuga racemosa","http://upload.wikimedia.org/wikipedia/commons/1/19/Cimicifuga_racemosa_002.jpg",""
"P00194","Cimicifuga simplex","http://stories.rbge.org.uk/wp-content/uploads/2013/12/Cimicifuga-simplex-19632073A-1.jpg",""
"P00195","Cinchona succirubra","http://www.erboristeriabio.com/erbe/china_file/china.jpg",""
"P00196","Cinnamomum burmanii","http://upload.wikimedia.org/wikipedia/commons/f/f1/Starr_090213-2452_Cinnamomum_burmannii.jpg",""
"P00197","Cinnamomum camphora","http://upload.wikimedia.org/wikipedia/commons/a/a2/Cinnamomum_camphora_Turramurra_railway.jpg",""
"P00198","Cinnamomum cassia","http://upload.wikimedia.org/wikipedia/commons/c/c4/Cinnamomum_aromaticum_-_K%C3%B6hler%E2%80%93s_Medizinal-Pflanzen-039_cropped.jpg",""
"P00199","Cinnamomum culilawan","",""
"P00200","Cinnamomum sintoc","http://www.asianplant.net/Lauraceae/Cinnamomum_sintoc.jpg",""
"P00201","Cinnamomum zeylanicum","http://img04.elicriso.it/es/plantas_aromaticas/canela/imagenes/cinnamomum_zeylanicum_a.jpg",""
"P00202","Cistanche deserticola","http://showyourplant.com/plant_breed_photos/Cistanche_deserticola.jpg",""
"P00203","Cistanches salsa","http://upload.wikimedia.org/wikipedia/commons/d/d1/Cistanche_salsa%3B_Baikonur_02.jpg",""
"P00204","Citrullus vulgaris","http://www.phytoimages.siu.edu/users/paraman1/1_7_08_2/Horiz27/36_23.jpg",""
"P00205","Citrus amblycarpa","http://users.kymp.net/citruspages/nasnarant.jpg",""
"P00206","Citrus aurantifolia","http://goree.rice.edu/files/images/Citrus%20aurantifolia_lime_Goree2.preview.JPG",""
"P00207","Citrus aurantium","http://blog.metmuseum.org/cloistersgardens/wp-content/uploads/2011/02/citrus-aurantium-myrtifolia-detail_600.jpg",""
"P00208","Citrus grandis","http://www.botanic.jp/plants-ha/banpei_2.jpg",""
"P00209","Citrus hystrix","http://www.agrumes-baches.com/grande/33948/citrus_hystrix.jpg",""
"P00210","Citrus junos","http://www.tradewindsfruit.com/content/images/yuzu5.jpg",""
"P00211","Citrus maxima","http://upload.wikimedia.org/wikipedia/commons/4/46/Starr_030201-0005_Citrus_maxima.jpg",""
"P00212","Citrus medica","http://upload.wikimedia.org/wikipedia/commons/0/0e/Citrus_medica_002.JPG",""
"P00213","Citrus natsudaidai","http://www.citrusvariety.ucr.edu/images/NatsudaidaiCVC03_000.jpg",""
"P00214","Citrus reticulata","http://files.salute-ganoderma.webnode.it/200000067-b4336b52f6/Citrus-20reticulata-20var_-20deliciosa-20Mandarine-201.jpg",""
"P00215","Citrus sinensis","http://zufglobus.webt.co.il/UserImages/herbs/Citrus-sinensis.jpg",""
"P00216","Citrus unshiu","http://upload.wikimedia.org/wikipedia/commons/3/31/Citrus_unshiu_20101127_c.jpg",""
"P00217","Clausena anisum-olens","http://www.phytoimages.siu.edu/users/pelserpb/6_23_11_1/23jun11b/Clausenaanisumolens.jpg",""
"P00218","Clausena excavata","http://www.asianplant.net/Rutaceae/Clausena_excavata.jpg",""
"P00219","Clematis armandii","http://upload.wikimedia.org/wikipedia/commons/d/d3/Clematis_armandii_RJB.jpg",""
"P00220","Clematis chinensis","http://www.firstwildworld.com/photo/pl300046-clematis_chinensis_osbeck_radix_clematidis_clematis_root.jpg",""
"P00221","Clematis mandshurica","http://www.gardenbuddies.com/forum/messages/64189/1087830.jpg",""
"P00222","Clematis hexapetala","https://www.nargs.org/sites/default/files/photos/Clematis%20hexapetala%20DBG.jpg",""
"P00223","Clerodendranthus spicatus","",""
"P00224","Clerodendron japonicum","",""
"P00225","Clerodendron serratum","http://www.payer.de/amarakosa/amara02556.jpg",""
"P00226","Clerodendron squamatum","http://www.oldimprints.com/pictures/31549.jpg",""
"P00227","Clinacanthus nutans","",""
"P00228","Cnidium monnieri","http://img.21food.com/userimages/sinochemsh/sinochemsh$41023732.jpg",""
"P00229","Cnidium officinale","http://rg-cell.com/wp-content/uploads/2012/10/cndium.jpg",""
"P00230","Cocos nucifera","http://upload.wikimedia.org/wikipedia/commons/d/df/Cocos_nucifera_Gading.jpg",""
"P00231","Codonopsis pilosula","http://upload.wikimedia.org/wikipedia/commons/5/55/Codonopsis_pilosula_flowers.jpg",""
"P00232","Coffea arabica","http://upload.wikimedia.org/wikipedia/commons/d/d5/Starr_070308-5472_Coffea_arabica.jpg",""
"P00233","Coix lacryma-jobi","http://upload.wikimedia.org/wikipedia/commons/4/4e/DSC01747_-_Coix_lacryma-jobi_(Hiob's_Tränen-Gras).JPG",""
"P00234","Cola acuminata","http://upload.wikimedia.org/wikipedia/commons/b/b6/Cola_acuminata-masc-fem.jpg",""
"P00235","Cola nitida","http://anthrome.files.wordpress.com/2008/03/sterculiaceae-cola-nitida-flowers-close.jpg",""
"P00236","Coleus amboinicus","http://companionplants.com/catalog/images/plants%20040.jpg",""
"P00237","Coleus atropurpurei","",""
"P00238","Coleus atropurpureus","http://upload.wikimedia.org/wikipedia/commons/9/9a/Coleus_atropurpureus_Blanco1.208.png",""
"P00239","Coleus forskohli","http://www.patricinhaesperta.com.br/wp-content/uploads/2012/10/Coleus-_forskohlii_p1.jpg",""
"P00240","Coleus scutellarioides","http://www.flowerpicturegallery.com/d/7305-2/Coleus+scutellarioides.jpg",""
"P00241","Commiphora myrrha","http://www.cactus-art.biz/schede/COMMIPHORA/Commiphora_myrrha/Commiphora_myrrha/myrrha_810.jpg",""
"P00242","Commiphora wightii","http://upload.wikimedia.org/wikipedia/commons/a/a7/Commiphora_wightii_10.JPG",""
"P00243","Coptis chinensis","http://www.itmonline.org/image/impet2.jpg",""
"P00244","Coptis deltoidea","",""
"P00245","Coptis japonica","",""
"P00246","Cordyceps sinensis","http://r.lnwfile.com/rat3v4.jpg",""
"P00247","Coriandrum sativum","http://upload.wikimedia.org/wikipedia/commons/6/6f/Starr_080117-1555_Coriandrum_sativum.jpg",""
"P00248","Cornus officinalis","https://lh3.googleusercontent.com/-VReFy48tl8A/TYMfvgPpnpI/AAAAAAAAB3s/HBAFekuUbZ4/s1600/Cornus+officinalis+Kintoki.JPG",""
"P00249","Corydalis turtschaninovii","http://www.pitcairnalpines.co.uk/ekmps/shops/pitcairnalpines/images/corydalis-turtschaninovii-[2]-1002-p.jpg",""
"P00250","Corydalis yanhusuo","http://www.itmonline.org/image/pain2.jpg",""
"P00251","Corynanthe yohimbe","http://b-and-t-world-seeds.com/images/550044.jpg",""
"P00252","Cosmos caudatus","",""
"P00253","Costus speciosus","http://upload.wikimedia.org/wikipedia/commons/f/f5/Starr_030807-0069_Costus_speciosus.jpg",""
"P00254","Crataegus cuneata","http://upload.wikimedia.org/wikipedia/commons/c/ce/Crataegus_cuneata_f_lutea1.jpg",""
"P00255","Crataegus pinnatifida","http://www.henriettes-herb.com/files/images/photos/c/cr/d06_1522_crataegus-pinnatifida.jpg",""
"P00256","Crateagus oxycanthus","",""
"P00257","Crocus sativus","",""
"P00258","Croton tiglium","http://upload.wikimedia.org/wikipedia/commons/e/ea/Croton_tiglium_-_Köhler–s_Medizinal-Pflanzen-197.jpg",""
"P00259","Cryptocarya massoia","http://www.luminescents.co.uk/catalog/images/Laurel%20Berry.jpg",""
"P00260","Cryptotympana tustulata","",""
"P00261","Cucumis melo","",""
"P00262","Cucumis sativus","",""
"P00263","Cucurbita moschata","http://upload.wikimedia.org/wikipedia/commons/1/16/Cucurbita_moschata_HabitusFruit_BotGardBln0906.JPG",""
"P00264","Cucurbita pepo","http://www.maltawildplants.com/CUCU/Pics/CUCPE/CUCPE-Cucurbita_pepo_t.jpg",""
"P00265","Cuminum cyminum","http://www.henriettes-herb.com/files/images/photos/c/cu/d04_2170_cuminum-cyminum.jpg",""
"P00266","Cupressus sempervirens","",""
"P00267","Curcuma aeruginosa","http://pics.davesgarden.com/pics/2008/05/29/EmmaGrace/6351bf.jpg",""
"P00268","Curcuma domestica","http://www.walliscreekwatergarden.com.au/wp-content/uploads/2012/08/thaitum1.jpg",""
"P00269","Curcuma heyneana","http://www.docstoc.com/docs/55174522/Curcuma-heyneana-Valeton-Zijp",""
"P00270","Curcuma longa","http://redrockbotanicals.com/media/catalog/product/cache/1/image/9df78eab33525d08d6e5fb8d27136e95/c/u/curcuma_longa_1.jpg",""
"P00271","Curcuma mangga","http://www.jircas.affrc.go.jp/project/value_addition/Vegetables/images/042A.jpg",""
"P00272","Curcuma petiola","",""
"P00273","Curcuma phaeocaulis","http://www.bristolbotanicals.co.uk/images/Product/CHP078.gif",""
"P00274","Curcuma soloensis","http://chnongye.com/UploadFiles/2011330145331840.jpg",""
"P00275","Curcuma xanthorrhiza","http://www.tropilab.com/images/b_temulawak04.jpg",""
"P00276","Curcuma zedoaria","http://www.itmonline.org/image/tum4.jpg",""
"P00277","Cuscuta chinensis","http://upload.wikimedia.org/wikipedia/commons/a/a9/Cuscuta_chinensis_01.JPG",""
"P00278","Cyathula officinalis","",""
"P00279","Cyclea barbata","",""
"P00280","Cymbopogon citratus","http://okeechobee.ifas.ufl.edu/images/starr_070112_3415_cymbopogon_citratus.jpg",""
"P00281","Cymbopogon nardus","http://upload.wikimedia.org/wikipedia/commons/6/65/Cymbopogon_nardus_(DITSL).JPG",""
"P00282","Cynanchum paniculatum","",""
"P00283","Cynara scolimus","http://upload.wikimedia.org/wikipedia/commons/8/80/Cynara_scolymus.jpg",""
"P00284","Cynomorium songaricum","",""
"P00285","Cyperus rotundus","https://florabase.dpaw.wa.gov.au/science/timage/810ic1.jpg",""
"P00286","Datura alba","http://www.seedman.com/image/bm14.jpg",""
"P00287","Datura stramonium","http://upload.wikimedia.org/wikipedia/commons/8/87/Datura_stramonium_2_(2005_07_07).jpg",""
"P00288","Daucus carota","http://www.floradecanarias.com/imagenes/daucus_carota.jpg",""
"P00289","Dendrobium nobile","",""
"P00290","Desmodium styracifolium","",""
"P00291","Desmodium triquetrum","http://farm9.staticflickr.com/8337/8189489019_0f1b35f08b_o.jpg",""
"P00292","Dianthus superbus","",""
"P00293","Dictamnus dasycarpus","",""
"P00294","Digenea simplex","http://www.westatic.com/img/dict/kaiso/kominato/choshi/algae/kaisou/aka/makuri/image/makuri.jpg",""
"P00295","Dioscorea hispida","http://www.phytoimages.siu.edu/users/pelserpb/2_23_11/23feb11/Dioscoreahispida2.jpg",""
"P00296","Dioscorea japonica","http://www.livingworld.net/_wordpress/wp-content/uploads/tari_080303_large.jpg",""
"P00297","Dioscorea opposite","http://upload.wikimedia.org/wikipedia/commons/5/5e/Dioscorea_opposita_003.JPG",""
"P00298","Dioscorea villosa","",""
"P00299","Diospyros kaki","http://www.la-palma-tourismus.com/Jacomo/upload/botanischer_garten/.thumb/kaki_diospyros-kaki-5~max600x450@75.jpg",""
"P00300","Dipsacus asper","http://www.gardenworldimages.com/ImageThumbs/ISA825/3/ISA825_DIPSACUS_ASPER_SEEDHEAD_IN_WINTER.jpg",""
"P00301","Dolichos lablab","http://s3.amazonaws.com/Floridata0/1/Dolichos_lablab800.jpg",""
"P00302","Drynaria sparsisora","https://c2.staticflickr.com/6/5131/5395467682_89e3849028_z.jpg",""
"P00303","Echinacea angustifolia","http://www.florablog.it/wp-content/uploads/2008/09/echinacea-angustifolia.jpg",""
"P00304","Echinacea purpurea","http://cavesfolly.com/cave/wp-content/uploads/2012/01/EchinaceaPurpureaMagnus.jpg",""
"P00305","Eclipta alba","",""
"P00306","Eclipta prostrata","http://upload.wikimedia.org/wikipedia/commons/5/54/Eclipta_prostrata_in_AP_W2_IMG_9785.jpg",""
"P00307","Elaeocarpus ganitrus","http://2.bp.blogspot.com/-25-uxuS7BOc/T3Q5HSyZFyI/AAAAAAAADA8/Ur8pwWGOgu0/s1600/Elaeocarpus-ganitrus.jpg",""
"P00308","Elaeocarpus grandiflora","http://www.sith.itb.ac.id/herbarium/images/plantae/Elaeocarpus_grandiflora.jpg",""
"P00309","Elephantopus scaber","http://upload.wikimedia.org/wikipedia/commons/b/bd/Elephantopus_scaber_in_Narshapur_forest,_AP_W2_IMG_0829.jpg",""
"P00310","Elettaria cardamomum","http://www.henriettes-herb.com/files/images/photos/e/el/elettaria-cardamomum.jpg",""
"P00311","Elettaria speciosa","http://upload.wikimedia.org/wikipedia/commons/c/c8/COLLECTIE_TROPENMUSEUM_Bloem_en_blad_van_de_Elettaria_speciosa_TMnr_3401-1678.jpg",""
"P00312","Eleutherine americana","https://farm3.staticflickr.com/2479/3565462944_0d3ef07b18.jpg",""
"P00313","Eleutherococcus senticosus","http://www.oshims.com/uploads/eleuthero-300x239.jpg",""
"P00314","Elsholtzia splendens","",""
"P00315","Entada scandens","http://parisaramahiti.kar.nic.in/medicinal_plants_new/MEDI%20IMAGES/ENTADA%20SCANDENS%20AUCT.%20NON%20BENTH..jpg",""
"P00316","Ephedra intermedia","http://upload.wikimedia.org/wikipedia/commons/0/08/Ephedra-intermedia-shoots.jpg",""
"P00317","Ephedra sinica","",""
"P00318","Epimedium brevicornum","http://i00.i.aliimg.com/img/pb/291/912/458/458912291_502.jpg",""
"P00319","Epimedium grandiflorum","",""
"P00320","Epimedium sagittatum","",""
"P00321","Equisetum debile","http://arisudev.files.wordpress.com/2013/05/pake-ekor-kuda-equisetum-debile.jpg",""
"P00322","Equus asinus","",""
"P00323","Eriobotrya japonica","http://upload.wikimedia.org/wikipedia/commons/a/ab/Starr_061205-1874_Eriobotrya_japonica.jpg",""
"P00324","Erythrina hypaphorus","",""
"P00325","Erythrina variegata","http://upload.wikimedia.org/wikipedia/commons/1/15/Erythrina_variegata.jpg",""
"P00326","Erythroxylum catuaba","http://eweo.files.wordpress.com/2012/06/erythroxylum-catuaba1.jpg",""
"P00327","Eucalyptus alba","http://mw2.google.com/mw-panoramio/photos/medium/80416539.jpg",""
"P00328","Eucheuma cottoni","http://seaweedmalaysia.files.wordpress.com/2009/09/ec11.jpg",""
"P00329","Eucheuma spinosum","",""
"P00330","Euchresta horsfieldii","http://sittiarafah.files.wordpress.com/2011/10/08.jpg",""
"P00331","Eucommia ulmoides","http://www.plantsystematics.org/images/Eucommia_leaf.jpg",""
"P00332","Eugenia aromatica","http://klosetide.files.wordpress.com/2012/02/cengkeh.jpg",""
"P00333","Eugenia caryophyllata","http://www.sciencephoto.com/image/45664/350wm/B8080440-Eugenia_caryophyllata.-SPL.jpg",""
"P00334","Eugenia cumini","http://farm7.static.flickr.com/6005/5896501996_86aee63e3f.jpg",""
"P00335","Eugenia polyantha","http://4.bp.blogspot.com/_vmRJz7Sp6ds/Scz_ob-0N9I/AAAAAAAAE9s/_PJVh9D_BPk/s1600-h/27mac,eugenia+flowers+cu.jpg",""
"P00336","Eupatorium fortunei","http://home.hiroshima-u.ac.jp/~shoyaku/photo/Japan/Hiroshima/020721hiyodori.jpg",""
"P00337","Euphorbia hirta","http://florabase.dpaw.wa.gov.au/science/timage/4629ic1.jpg",""
"P00338","Euphorbia prostata","",""
"P00339","Euphorbia sieboldiana","",""
"P00340","Euphorbia thymifolia","http://1.bp.blogspot.com/-ZsWTzc1uNGE/UhbKG5KUxYI/AAAAAAAAApw/OakANlw2vEA/s1600/Euphorbia+thymifolia+2.jpg",""
"P00341","Euphorbia tirucali","",""
"P00342","Euphoria longana","http://toptropicals.com/pics/garden/04/1000/0676.jpg",""
"P00343","Eurycoma longifolia","http://upload.wikimedia.org/wikipedia/commons/9/96/Eurycoma_longifolia_1.jpg",""
"P00344","Evodia rutaecarpa","",""
"P00345","Excoecaria bicolor","",""
"P00346","Fagopyrum esculentum","",""
"P00347","Ficus benjamina","http://upload.wikimedia.org/wikipedia/commons/9/9d/Ficus_benjamina2.jpg",""
"P00348","Ficus deltoidea","http://upload.wikimedia.org/wikipedia/commons/8/89/Starr_010425-0111_Ficus_deltoidea.jpg",""
"P00349","Ficus glabella","",""
"P00350","Filipendula ulmaria","",""
"P00351","Foeniculum vulgare","http://upload.wikimedia.org/wikipedia/commons/3/31/Foeniculum_vulgare.JPG",""
"P00352","Forsythia suspensa","http://www.missouriplants.com/Yellowopp/Forsythia_plant.jpg",""
"P00353","Forsythia viridissima","",""
"P00354","Fossilia Ossis","",""
"P00355","Fragaria vesca","http://www.crocus.co.uk/images/products2/PL/20/00/01/72/PL2000017268_card_lg.jpg",""
"P00356","Fritillaria cirrhosa","http://www.fritillaria.org.uk/Images/Frit%20cirrhosa%203.jpg",""
"P00357","Fritillaria thunbergii","",""
"P00358","Fritillaria verticillata","https://c1.staticflickr.com/5/4036/4536396134_f895dc916f_z.jpg",""
"P00359","Galla halepensis","",""
"P00360","Galla lusitania","",""
"P00361","Gallus domestics","",""
"P00362","Ganoderma lucidum","http://uwinc.net/gano/ganoderma1.jpg",""
"P00363","Garcinia atroviridis","https://c1.staticflickr.com/7/6053/5905438271_bb77b8a4d3_z.jpg",""
"P00364","Garcinia cambogia","http://trygarciniacambogia.com.au/wp-content/uploads/2013/11/hydroxycitric-acid-2.jpg",""
"P00365","Garcinia mangostana","http://garciniamangostana.net/wp-content/uploads/2013/02/Garcinia-Mangostana-Info-300x219.jpg",""
"P00366","Gardenia augusta","http://plantsdirect2u.com.au/product_images/v/784/Gardenia_florida__29351_zoom.jpg",""
"P00367","Gardenia Jasminoides","http://upload.wikimedia.org/wikipedia/commons/8/83/Gardenia_jasminoides_in_Mount_Yagi_2008-06-13.jpg",""
"P00368","Gastrochilus panduratum","",""
"P00369","Gastrodia elata","http://upload.wikimedia.org/wikipedia/commons/2/21/Gastrodia_elata_2.JPG",""
"P00370","Gaultheria fragrantissima","http://www.flowersofindia.net/catalog/slides/Fragrant%20Wintergreen.jpg",""
"P00371","Gaultheria leucocarpa","http://farm3.static.flickr.com/2234/2070965271_fc03e4d1b8.jpg",""
"P00372","Gaultheria punctata","",""
"P00373","Gelidium cartilagineum","",""
"P00374","Gelidium latifolium","http://www.horta.uac.pt/species/algae/Gelidium_latifolium/Gelidium_latifolium_attenuatum.JPG",""
"P00375","Gentiana crassicaulis","http://www.irisbg.com/gardenexpl_o/AppImages/3114.jpg",""
"P00376","Gentiana dahurica","",""
"P00377","Gentiana lutea","",""
"P00378","Gentiana macrophylla","http://upload.wikimedia.org/wikipedia/commons/9/90/Gentiana_macrophylla_Orchi_04.jpg",""
"P00379","Gentiana manshurica","http://img.plantphoto.cn/image2/b/1275593.jpg",""
"P00380","Gentiana scabra","",""
"P00381","Gentiana straminea","",""
"P00382","Gentiana triflora","",""
"P00383","Ginkgo biloba","http://sbxsupplements.com/uploads/SBX%20ginkgo-biloba.jpg",""
"P00384","Gleditsia sinensis","",""
"P00385","Glochidion rubrum","http://www.asianplant.net/Phyllanthaceae/Glochidion_rubrum.jpg",""
"P00386","Glycine max","http://bioweb.uwlax.edu/bio203/s2009/scurek_oliv/imgDC.jpg",""
"P00387","Glycyrrhiza glabra","http://upload.wikimedia.org/wikipedia/commons/5/54/01731_-_Glycyrrhiza_glabra_(Deutsches_Süßholz).JPG",""
"P00388","Glycyrrhiza uralensis","http://www.henriettes-herb.com/files/images/photos/g/gl/glycyrrhiza-uralensis.jpg",""
"P00389","Gossypium arboreum","",""
"P00390","Gracilaria converfoides","",""
"P00391","Graptophyllum pictum","http://upload.wikimedia.org/wikipedia/commons/thumb/5/5b/Starr_070221-4718_Graptophyllum_pictum.jpg/1280px-Starr_070221-4718_Graptophyllum_pictum.jpg",""
"P00392","Grewia salutaris","",""
"P00393","Grifola frondosa","",""
"P00394","Grindelia camporum","",""
"P00395","Guazuma tomentosa","http://stuartxchange.com/GuazumaPD2.jpg",""
"P00396","Guazuma ulmifolia","http://upload.wikimedia.org/wikipedia/commons/a/ae/Guazuma_ulmifolia_1.jpg",""
"P00397","Gymnema Sylvestre","http://upload.wikimedia.org/wikipedia/commons/8/8f/Gymnema_sylvestre_R.Br_-_Flickr_-_lalithamba.jpg",""
"P00398","Gynura divaricata","",""
"P00399","Gynura pinnatifida","",""
"P00400","Gynura procumbens","http://xyerectus.com/wp-content/uploads/2013/09/GEDC5800.jpg",""
"P00401","Gynura pseudochina","http://www.wellgrowhorti.com/Pictures/Landscape%20Plants/Shrubs/Web%20Pictures1/G/Gynura%20Pseudochina%20Var.%20Hispida.jpg",""
"P00402","Gynura segetum","http://akuherb.files.wordpress.com/2008/10/cimg0987.jpg",""
"P00403","Gypsum fibrosum","",""
"P00404","Harpagophytum procumbens","http://www.spicesmedicinalherbs.com/img/harpagophytum-procumbens.jpg",""
"P00405","Hedyotis corymbosa","http://www.mpbd.info/images/hedyotis-corymbosa.jpg",""
"P00406","Hedyotis diffusa","",""
"P00407","Helenium autumnale","",""
"P00408","Helianthus annuus","http://upload.wikimedia.org/wikipedia/commons/d/d8/Helianthus_annuus_0001.JPG",""
"P00409","Helicteres isora","http://upload.wikimedia.org/wikipedia/commons/d/d2/Helicteres_isora_(East_Indian_screw_tree)_W2_IMG_1248.jpg",""
"P00410","Hemigraphis alternata","",""
"P00411","Hemigraphis colorata","http://upload.wikimedia.org/wikipedia/commons/8/8c/Hemigraphis_colorata_-_മുറികൂട്ടി.jpg",""
"P00412","Hibiscus mutabilis","http://www.exotic-plants.de/auktionsbilder/Hibiscus_mutabilis2_large.jpg",""
"P00413","Hibiscus rosa-sinensis","",""
"P00414","Hibiscus sabdariffa","http://sunnyrepublic.files.wordpress.com/2012/05/hibiscus-sabdariffa-calyx-c.jpg",""
"P00415","Hibiscus similis","",""
"P00416","Hibiscus tiliaceus","http://www.hawaii.edu/cpis/MI/gallery/images/Lo%20-%20Hibiscus%20tiliaceus.jpg",""
"P00417","Homalomena javanica","http://www.jamui.de/sammlung/jamui_pflanzen/pflanzen-originale/V.14.94.3.BMP",""
"P00418","Homalomena occulta","http://2.bp.blogspot.com/-VDAua1Y9U_w/TvXSebjwCSI/AAAAAAAAEWM/Ah7LWynpWFE/s500/Homalomena-rhizome-%252528Qiannia.jpg",""
"P00419","Hordeum vulgare","http://www.flowersinisrael.com/Flowgallery/Hordeum_vulgare_flowers2.jpg",""
"P00420","Houttuynia cordata","http://upload.wikimedia.org/wikipedia/commons/e/ee/Houttuynia_cordata.jpg",""
"P00421","Humulus lupulus","",""
"P00422","Hydrocotyle asiatica","http://www.homeopathyandmore.com/med_images/HYDROCOTYLE_ASIATICA.jpg",""
"P00423","Hydrocotyle sibthorpioides","http://upload.wikimedia.org/wikipedia/commons/d/d8/Hydrocotyle_sibthorpioides.JPG",""
"P00424","Hypericum perforatum","",""
"P00425","Ilex paraguariensis","http://www.nhm.ac.uk/resources-rx/images/1049/species-banner_89214_1.jpg",""
"P00426","Illicium verum","http://3.bp.blogspot.com/-zS5aMhqirwM/TWcwmxyK4OI/AAAAAAAAAbQ/82ezSARD5og/s1600/illicium_verum.jpg",""
"P00427","Impatiens balsamina","",""
"P00428","Imperata arundinacea","",""
"P00429","Imperata cylindrica","http://www.prota4u.org/plantphotos/Imperata%20cylindrica.full.05.jpg",""
"P00430","Inocarpus fagifer","",""
"P00431","Ipomoea aquatica","http://www.hear.org/pier/images/ipomoea_aquatica_flower_and_leaves.jpg",""
"P00432","Ipomoea batatas","",""
"P00433","Isatis indigotica","http://4.bp.blogspot.com/-oZJBQOtbUf0/UCEcz8J8D5I/AAAAAAAAFL4/izHQ_HIW908/s1600/29-Dyers-woad-leaf-%2528ER-CHA%2529.jpg",""
"P00434","Jasminum pubescens","http://toptropicals.com/pics/garden/2004/5/5464.jpg",""
"P00435","Jasminum sambac","http://madaboutplants.com.au/image/cache/data/Groundcovers%20and%20Climbers/Jasminum-sambac-Grand-Duke-of-Tuscany--500x500.jpg",""
"P00436","Jatropha curcas","http://carboncapture.us/img/jatropha_curcas.JPG",""
"P00437","Juglans regia","",""
"P00438","Juncus effusus","http://newfs.s3.amazonaws.com/taxon-images-1000s1000/Juncaceae/juncus-effusus-ha-mlovit.jpg",""
"P00439","Juniperus communis","",""
"P00440","Juniperus oxcedrus","",""
"P00441","Justicia gendarussa","http://upload.wikimedia.org/wikipedia/commons/a/ab/Justicia_gendarussa_W_IMG_3102.jpg",""
"P00442","Kadsura scandens","http://www.tfbc.frim.gov.my/images/plants/Kadsura%20scandens%20-%20Male%20flower.jpg",""
"P00443","Kaempferia angustifolia","http://www.mytho-fleurs.com/images/Fleurs_du_Vietnam/fleurs_du_Vietnam_2/Kaempferia_angustifolia.jpg",""
"P00444","Kaempferia galanga","http://photos.merinews.com/upload/imageGallery/bigImage/1242705911927-aromatic%20plant.jpg",""
"P00445","Kaempferia pandurata","http://www.plantsystematics.org/users/dws/10_16_06_6/KaempferiaPandurata/KaempferiaPandurata5.JPG",""
"P00446","Kaempferia rotunda","http://m9.i.pbase.com/o6/59/628959/1/94700499.obDdg3fb.Kaempferiarotunda1aRN.jpg",""
"P00447","Kalanchoe daigremontiana","",""
"P00448","Kochia scoparia","",""
"P00449","Labisia pumila","",""
"P00450","Lagenaria leucantha","",""
"P00451","Lagerstroemia speciosa","",""
"P00452","Laminaria japonica","http://img.alibaba.com/img/pb/901/962/244/1272336060587_hz_myalibaba_web13_535.jpg",""
"P00453","Languas galanga","http://www.fao.org/docrep/x2230e/x2230e78.jpg",""
"P00454","Lantana camara","http://upload.wikimedia.org/wikipedia/commons/5/52/LantanaFlowerLeaves.jpg",""
"P00455","Lavandula angustifolia","http://upload.wikimedia.org/wikipedia/commons/9/93/Lavandula-angustifolia-flowering.JPG",""
"P00456","Lawsonia inermis","http://upload.wikimedia.org/wikipedia/commons/1/15/Lawsonia_inermis_Ypey36.jpg",""
"P00457","Ledebouriella divaricata","http://catstcmnotes.com/graphics/Herb%20Lab%20Pics/01%20-%20Release%20Exterior/Fang%20Feng%20-%20botanical.jpg",""
"P00458","Lentinula edodes","http://upload.wikimedia.org/wikipedia/commons/4/4e/Lentinula_edodes_USDA.jpg",""
"P00459","Leonurus heterophyllus","",""
"P00460","Leonurus sibiricus","http://upload.wikimedia.org/wikipedia/commons/0/0a/Leonurus_sibiricus.jpg",""
"P00461","Lepidium meyenii","",""
"P00462","Lepidium peruvianum","",""
"P00463","Lepiniopsis ternatensis","http://curator.phytoimages.siu.edu/users/pelserpb/8_24_11_1/24aug11/Lepiniopsisternatensis1.jpg",""
"P00464","Leucaena glauca","http://toptropicals.com/pics/garden/m1/jelt/Leucaena_leucocephala3351.jpg",""
"P00465","Leucaena leucocephala","",""
"P00466","Leucas lavandulifolia","http://www.mpbd.info/images/leucas-lavandulifolia.jpg",""
"P00467","Ligustici wallichi","http://i00.i.aliimg.com/photo/v3/535036178/radix_ligustici_wallichii_chuan_xiong_szehuan_lovage.jpg",""
"P00468","Ligusticum acutilobum","http://cfs9.blog.daum.net/image/4/blog/2007/10/19/18/33/471879e4796c7&filename=일당귀.JPG",""
"P00469","Ligusticum chuanxiong","http://3.bp.blogspot.com/-hgWk8sPOK_w/TtNdHjNMenI/AAAAAAAADfE/BTIFujBK9nQ/s450/Chuanxiong-rhizome-%2528Chuanxi.jpg",""
"P00470","Ligusticum sinense","http://www.cnseed.org/wp-content/uploads/Ligusticum%20sinense%20seed.jpg",""
"P00471","Ligustrum japonicum","",""
"P00472","Ligustrum lucidum","",""
"P00473","Lilium Brownii","",""
"P00474","Lindera aggregata","http://www.onlineplantguide.com/Image%20Library/L/4967.jpg",""
"P00475","Lindera strychnifolia","http://2.bp.blogspot.com/-nk_p3luq_uc/TxBc8F2qr0I/AAAAAAAAEwA/dZSG5_RVTYw/s500/Lindera-root-%2528Wuyao%2529.jpg",""
"P00476","Linum usitatissimum","",""
"P00477","Litchi chinensis","http://toptropicals.com/pics/garden/2004/5/5335.jpg",""
"P00478","Lithospermum erythrorhizon","http://upload.wikimedia.org/wikipedia/commons/b/b2/Lithospermum_erythrorhizon_2.jpg",""
"P00479","Litsea chinensis","http://plantgenera.org/ILLUSTRATIONS_thumbnails/99275.jpg",""
"P00480","Litsea cubeba","http://www.cnseed.org/wp-content/uploads/Litsea%20cubeba%20seed(1).jpg",""
"P00481","Litsea odorifera","",""
"P00482","Lonicera japonica","http://www.crocus.co.uk/images/products2/PL/00/00/00/16/PL0000001679_card_lg.jpg",""
"P00483","Lophatherum gracile","http://www.natureloveyou.sg/Lophatherum%20gracile/DSC08741%20(09).jpg",""
"P00484","Luffa cylindrica","http://herbaria.plants.ox.ac.uk/VFH/image/imgs/984/500_luffa_cylindrica58163o300_0117.jpg",""
"P00485","Lycium barbarum","http://upload.wikimedia.org/wikipedia/commons/f/f2/Lycium-barbarum-fruits.JPG",""
"P00486","Lycium chinense","",""
"P00487","Lycopersicon esculentum","http://upload.wikimedia.org/wikipedia/commons/3/30/Tomato_aka_Lycopersicon_esculentum_at_lalbagh7444.JPG",""
"P00488","Lycopodium cernuum","http://upload.wikimedia.org/wikipedia/commons/8/87/Lycopodium_cernuum_(arching_clubmoss).jpg",""
"P00489","Lycopus lucidus","",""
"P00490","Lysimachia christinae","",""
"P00491","Macrosolen cochinchinensis","",""
"P00492","Magnolia biondii","http://4.bp.blogspot.com/-g5K5Sc2GBis/TYKiX4dEGgI/AAAAAAAAHa0/OG2Ntx7EijI/s1600/gghfffffffaldie%2B022.jpg",""
"P00493","Magnolia denudata","",""
"P00494","Magnolia kobus","",""
"P00495","Magnolia obovata","http://www.printsofjapan.com/Image2/Magnolia_obovata_flower7.jpg",""
"P00496","Magnolia officinalis","http://pics.davesgarden.com/pics/2008/06/01/growin/d5695b.jpg",""
"P00497","Magnolia salicifolia","",""
"P00498","Magnolia sprengeri","",""
"P00499","Malus domestica","http://4.bp.blogspot.com/_6eST2paeT2g/TJZ40hDVRgI/AAAAAAAABp4/Ll1v-ZTgANY/s1600/manzana+descripción.jpg",""
"P00500","Malus sylvestris","",""
"P00501","Mangifera indica","http://pics.davesgarden.com/pics/2006/05/24/IslandJim/77d209.jpg",""
"P00502","Manihot utilissima","http://cmuscmr.cmu.edu.tw/images/garden/032.jpg",""
"P00503","Maranta arundinacea","",""
"P00504","Marsilea crenata","",""
"P00505","Massoia aromatica","http://apps.cs.ipb.ac.id/ipbiotics/images/addmision/OBAT/Massoia%20aromatica%20Becc..png",""
"P00506","Matricaria chamomilla","http://calphotos.berkeley.edu/imgs/512x768/0000_0000/0207/0114.jpeg",""
"P00507","Melaleuca alternifolia","http://www.eranurseries.com.au/images/thumbs/0000449.jpg",""
"P00508","Melaleuca cajuputi","http://toptropicals.com/pics/garden/m1/Podarki5/Melaleuca_cajuputi_10MKh.jpg",""
"P00509","Melaleuca leucadendra","http://upload.wikimedia.org/wikipedia/commons/5/59/Melaleuca_leucadendra-foliage.jpg",""
"P00510","Melia azedarach","http://upload.wikimedia.org/wikipedia/commons/2/27/Melia_azedarach_fruits.JPG",""
"P00511","Melia toosenden","",""
"P00512","Melilotus officinalis","",""
"P00513","Melissa officinalis","",""
"P00514","Mentha arvensis","http://www.ct-botanical-society.org/galleries/pics_m/menthaarve.jpg",""
"P00515","Mentha haplocalyx","https://www.horizonherbs.com/images/products/Mint_2_Chinese_Mentha_Haplo.jpg",""
"P00516","Mentha merdinah","",""
"P00517","Mentha piperita","http://www.lumigreen.sk/obchod_homedir/data/1484/obrazky/2024_1.jpg",""
"P00518","Merremia mammosa","http://web3.dnp.go.th/botany/image/paints/Merremia_mammosa.jpg",""
"P00519","Mesona palustris","",""
"P00520","Messua ferrea","http://www.flowersofindia.net/catalog/slides/Nag%20Kesar.jpg",""
"P00521","Michelia champaca","",""
"P00522","Milletia sericea","",""
"P00523","Mimosa pudica","http://www.booksite.ru/fulltext/aurobindo/flowers/m/mimosapu.jpg",""
"P00524","Mimusops elengi","",""
"P00525","Mirabilis jalapa","http://www.floridata.com/wallpaper/jpg/Mirabilis_jalapa_redl800.jpg",""
"P00526","Momordica charantia","http://newfs.s3.amazonaws.com/taxon-images-1000s1000/Cucurbitaceae/momordica-charantia-le-ccalderon.jpg",""
"P00527","Momordica grosvenori","http://www.mdidea.com/products/herbextract/mogroside/Momordica02.jpg",""
"P00528","Morinda citrifolia","http://upload.wikimedia.org/wikipedia/commons/a/ac/Noni_fruit_(Morinda_citrifolia).jpg",""
"P00529","Moringa oleifera","",""
"P00530","Morus alba","http://upload.wikimedia.org/wikipedia/commons/2/29/Morus_alba_fruits.jpg",""
"P00531","Morus australis","http://www.zimbabweflora.co.zw/speciesdata/images/12/120120-1.jpg",""
"P00532","Moschosma polystachium","",""
"P00533","Murraya paniculata","http://upload.wikimedia.org/wikipedia/commons/f/f4/Murraya_paniculata_flowers.JPG",""
"P00534","Musa balbisianna","http://www.balinghasai-farms.info/wp-content/uploads/2012/08/Musa-balbisiana-1.jpg",""
"P00535","Musa paradisiaca","http://www.maltawildplants.com/MUSA/Pics/MUSPA/Musa_paradisiaca_[IMG_3357].jpg",""
"P00536","Myrica rubra","http://flora.huh.harvard.edu/FloraData/Gallery/1091/Myrica%20rubra.jpg",""
"P00537","Myristica argentea","http://s41.radikal.ru/i093/0811/80/e7b733ed599d.jpg",""
"P00538","Myristica fragrans","http://upload.wikimedia.org/wikipedia/commons/c/c6/Myristica_fragrans_(Cannelle).jpg",""
"P00539","Nasturtium indicum","http://archive.alexandermeddowes.com/sites/default/files/imagecache/Large/hannah/2%20--%20294.JPG",""
"P00540","Natrium sulfuricum","",""
"P00541","Nelumbo nucifera","http://www.mobot.org/gardeninghelp/images/Gardens/Bloom387.jpg",""
"P00542","Nicolaia speciosa","",""
"P00543","Nigella damascena","http://upload.wikimedia.org/wikipedia/commons/0/0c/2007-10-25Nigella_damascena_09.jpg",""
"P00544","Nigella sativa","http://www.getwellnatural.com/images/products/detail/nigella-sativa-black-cumin-seed-002.jpg",""
"P00545","Nothopanax scutellarium","http://4.bp.blogspot.com/-Lil_OCIp2vI/UlAfBJ8hXVI/AAAAAAAAAM0/rLxsbpGnG_A/s1600/daun+mangkokan.jpg",""
"P00546","Notopterygium forbesii","http://www.oshims.com/uploads/A_0101_0101_7-300x300.jpg",""
"P00547","Notopterygium incisum","http://dentomed.u-toyama.ac.jp/syouyaku/SCC000017_2.jpg",""
"P00548","Nuphar japonicum","http://www.aquapage.cz/Obrazky/Rostliny/46512.jpg",""
"P00549","Nyctanthes arbor-tritis","http://www.exot-nutz-zier.de/images/prod_images/Nyctanthes_arbor_tristis.jpg",""
"P00550","Nymphaea pubescens","",""
"P00551","Ocimum basilicum","http://www.floralencounters.com/graphics/Seeds/Ocimum%20basilicum_leaves.jpg",""
"P00552","Ocimum polystachyon","",""
"P00553","Ocimum sanctum","http://pimg.tradeindia.com/01140556/b/1/Ocimum-Sanctum-Extract.jpg",""
"P00554","Oenothera biennis","",""
"P00555","Olea europaea","http://upload.wikimedia.org/wikipedia/commons/9/99/Olea_europaea,_Koehler_1887.jpg",""
"P00556","Ophiopogon japonicus","http://www.jardinsmichelcorbeil.com/wp-content/uploads/2013/12/Ophiopogon_japonicus_Nana_.jpg",""
"P00557","Opuntia ficus-indica","",""
"P00558","Oroxylum indicum","http://upload.wikimedia.org/wikipedia/commons/4/40/Oroxylum_indicum_Blanco1.219.png",""
"P00559","Orthosiphon aristatus","http://upload.wikimedia.org/wikipedia/commons/3/39/Orthosiphon_aristatus_1_(Turnstange).jpg",""
"P00560","Orthosiphon grandiflorum","http://photoshare.ru/data/0/303/1/5f16da-uhs.jpg",""
"P00561","Orthosiphon spicatus","http://wponly.files.wordpress.com/2011/01/cat-wishkers.jpg",""
"P00562","Orthosiphon stamineus","http://upload.wikimedia.org/wikipedia/commons/e/e9/Flickr_-_brewbooks_-_Orthosiphon_stamineus_-_Cat's_whiskers.jpg",""
"P00563","Oryza sativa","http://plantes-rizieres-guyane.cirad.fr/var/riz_guyane/storage/images/media/images/oryza_sativa/9872-1-fre-FR/oryza_sativa.jpg",""
"P00564","Ostrea gigas","",""
"P00565","Pachyrrhizus erosus","http://chalk.richmond.edu/flora-kaxil-kiuic/p/pachyrrhizus_erosus_07s.JPG",""
"P00566","Paederia foetida","http://upload.wikimedia.org/wikipedia/commons/2/2d/Starr_001101-0044_Paederia_foetida.jpg",""
"P00567","Paeonia lactiflora","http://upload.wikimedia.org/wikipedia/commons/b/be/Lactiflora1b.UME.jpg",""
"P00568","Paeonia suffruticosa","http://upload.wikimedia.org/wikipedia/commons/e/e0/Paeonia_suffruticosa_prg1.jpg",""
"P00569","Paeonia veitchii","20embossed%20leaf%20plant.jpg",""
"P00570","Pamaria barbata","",""
"P00571","Panax ginseng","http://gomoa.net/images/Panax-ginseng-botanical-drawing.jpg",""
"P00572","Panax notoginseng","http://www.mdidea.com/products/herbextract/notoginseng/PanaxNotoginsengPhoto07.jpg",""
"P00573","Panax pseudoginseng","http://www.cnseed.org/wp-content/uploads/Panax%20pseudoginseng%20seeds.jpeg",""
"P00574","Panax quinquefolius","https://www.heavenly-products.com/cart/images/ginseng1.jpg",""
"P00575","Pandanus amaryllifolius","http://upload.wikimedia.org/wikipedia/commons/9/95/Pandan_(screwpine)_leaves.JPG",""
"P00576","Parameria barbata","http://toptropicals.com/pics/garden/05/5/5523.jpg",""
"P00577","Parameria laevigata","http://www.phytoimages.siu.edu/users/pelserpb/2_21_13/22feb13/DSC_6557.jpg",""
"P00578","Paris polyphylla","http://www.botanicalgarden.ubc.ca/potd/paris_polyphylla.jpg",""
"P00579","Parkia biglobosa","http://www.medicinalplantsinnigeria.com/gallery_p/slides/Parkia%20biglobosa(Igi%20iru).JPG",""
"P00580","Parkia roxburghii","http://www.dkimages.com/discover/Projects/AS688/previews/35010555.JPG",""
"P00581","Parkia speciosa","http://4.bp.blogspot.com/-skcIc-69OM0/TocGoEe8_vI/AAAAAAAAAcQ/qJzYCyLkeXM/s1600/DSC02571.JPG",""
"P00582","Passiflora quadrangularis","",""
"P00583","Paullinia cupana","http://www.truthinaging.com/media/thumbnails/1512.jpeg",""
"P00584","Pausinystalia yohimbe","http://gomoa.net/images/pausinystalia_yohimbe.jpg",""
"P00585","Pelodiscus sinensis","",""
"P00586","Peperomia pellucida","",""
"P00587","Perilla frutescens","http://www.florafinder.com/LargePhotos/D6/Perilla_frutescens_var_purpurascens-9983B9BA76.jpg",""
"P00588","Periploca sepium","",""
"P00589","Persea gratissima","",""
"P00590","Persia americana","http://users.telenet.be/sf16063/pauwels/PersAmer.JPG",""
"P00591","Petroselinum sativum","",""
"P00592","Peucedanum praeruptorum","http://smg.photobucket.com/user/stanleysze/media/Wild_Plants_Shrubs/WPShrubs_P/Peucedanum_praeruptorum_20100620_4.jpg.html",""
"P00593","Phaleria macrocarpa","http://upload.wikimedia.org/wikipedia/commons/2/20/Buah_Mahkota_Dewa.jpg",""
"P00594","Phaleria papuana","http://1.bp.blogspot.com/-CybsNyOK4Xc/UtFY4Zc8PvI/AAAAAAAAB6E/xI09K8ayUEY/s1600/Phaleria+papuana+-+Mahkota++Dewa+1.JPG",""
"P00595","Phaseolus radiatus","http://3.bp.blogspot.com/_zMgw13QY8Z8/S7SGyN-8nwI/AAAAAAAAAEw/V3utDKIcPt8/s1600/kacang+ijo.jpg",""
"P00596","Phaseolus vulgaris","http://www2.mpiz-koeln.mpg.de/pr/garten/schau/PhaseolusvulgarisL/BPhaseolusvulgarisL2.jpg",""
"P00597","Phellodendron amurense","http://upload.wikimedia.org/wikipedia/commons/0/07/Phellodendron_amurense0.jpg",""
"P00598","Phellodendron chinense","http://oregonstate.edu/dept/ldplants/images/phchin6.jpg",""
"P00599","Phoenix dactylifera","http://www.biolib.cz/IMG/GAL/6082.jpg",""
"P00600","Phragmites communis","",""
"P00601","Phyllanthus acidus","http://pics.davesgarden.com/pics/2006/09/29/Dinu/026c49.jpg",""
"P00602","Phyllanthus emblica","http://3.bp.blogspot.com/-srp7Dt-CIfw/UicALMn4VcI/AAAAAAAAAQc/7hLJM4xN-mg/s1600/Phyllanthus-emblica.jpg",""
"P00603","Phyllanthus niruri","https://c2.staticflickr.com/6/5327/7180985713_83c8293071_z.jpg",""
"P00604","Phyllanthus urinaria","http://upload.wikimedia.org/wikipedia/commons/4/40/Phyllanthus_urinaria_(2).JPG",""
"P00605","Phyllostachys bambusoides","",""
"P00606","Phyllostachys nigra","http://www.hardytropicals.org/images/blog/black_bamboo.jpg",""
"P00607","Physalis angulata","http://www.bandabou.info/images%20di%20matanan/Physalis%20angulata.JPG",""
"P00608","Physalis minima","http://upload.wikimedia.org/wikipedia/commons/d/d9/Physalis-minima-group-1.JPG",""
"P00609","Physalis peruviana","http://lepidoptera.butterflyhouse.com.au/plants/sola/physalis-peruviana.jpg",""
"P00610","Pimpinella alpina","http://gastein-im-bild.info/plants/xppimpa2.jpg",""
"P00611","Pimpinella anisum","http://gernot-katzers-spice-pages.com/pictures/pimp_02.jpg",""
"P00612","Pimpinella pruatjan","http://2.bp.blogspot.com/-AVVxhMiriaU/UT_ZcpgcDYI/AAAAAAAAACI/I4DSgFCReBo/s1600/purwaceng.JPG",""
"P00613","Pinella preparatum","",""
"P00614","Pinella ternata","",""
"P00615","Pinellia ternata","http://blogs.scottarboretum.org/gardenseeds/wp-content/uploads/2008/09/pinellia31.jpg",""
"P00616","Pinus massoniana","http://dendrome.ucdavis.edu/treegenes/species/oracjpg/pinus_massoniana_cone.gif",""
"P00617","Pinus merkusii","http://www.bi.itb.ac.id/herbarium/images/plantae/Pinus_merkusii.jpg",""
"P00618","Pinus tabulaeformis","",""
"P00619","Pinus yunnanensis","",""
"P00620","Piper betle","http://www.visoflora.com/images/original/piper-betle-visoflora-9490.jpg",""
"P00621","Piper cubeba","http://gernot-katzers-spice-pages.com/pictures/pipe_28.jpg",""
"P00622","Piper methysticum","",""
"P00623","Piper nigrum","http://www.htbg.com/Piperaceae/PIP-010-12-23-003/images/Piper_nigrum.jpg",""
"P00624","Piper retrofractum","http://toptropicals.com/pics/garden/05/6/6632.jpg",""
"P00625","Piperis Albi","http://upload.wikimedia.org/wikipedia/commons/5/54/Piperis_albi1.JPG",""
"P00626","Pistacia lentiscus","http://upload.wikimedia.org/wikipedia/commons/f/f8/Pistacia_lentiscus_g3.jpg",""
"P00627","Plantago asiatica","http://upload.wikimedia.org/wikipedia/commons/c/cd/Plantago_asiatica.jpg",""
"P00628","Plantago major","http://upload.wikimedia.org/wikipedia/commons/d/d1/Plantago_major_Blanco1.20.png",""
"P00629","Plantago ovata","http://upload.wikimedia.org/wikipedia/commons/0/0b/Plantago_ovata_form.jpg",""
"P00630","Platycerium bifurcatum","",""
"P00631","Platycodon glaucus","http://wwwdelivery.superstock.com/WI/223/1848/PreviewComp/SuperStock_1848-659509.jpg",""
"P00632","Platycodon grandiflorum","http://upload.wikimedia.org/wikipedia/commons/d/d7/Platycodon_grandiflorum2.jpg",""
"P00633","Platycodon grandiflorus","http://www.srgc.org.uk/wisley/2008/290908/Platycodon%20grandiflorus%20Astra%20Blue%20outside.jpg",""
"P00634","Plectranthus amboinicus","http://upload.wikimedia.org/wikipedia/commons/1/1d/Plectranthus_amboinicus.jpg",""
"P00635","Plectranthus aromaticus","",""
"P00636","Pleomele angustifolia","",""
"P00637","Pluchea indica","http://www.stovia.com/wp-content/uploads/2012/09/BLUNTAS-Pluchea-indica-L.jpg",""
"P00638","Plumbago indica","",""
"P00639","Plumbago zeylanica","http://www.plantoftheweek.org/image/plumbago1.jpg",""
"P00640","Plumeria rubra","",""
"P00641","Plumiera acuminata","",""
"P00642","Pogostemon cablin","http://aromaticscience.com/wp-content/uploads/2013/05/1024px-Pogostemon_cablin_001-e1368743222797.jpg",""
"P00643","Polygala glomerata","http://farm8.static.flickr.com/7028/6605394317_31418f2a22.jpg",""
"P00644","Polygala tenuifolia","http://www.chemfaces.com/imgs/Polygala-tenuifolia-Willd-20090.jpg",""
"P00645","Polygonatum officinalis","",""
"P00646","Polygonatum sibiricum","http://www.gaolongxiao.com/upimg_por/2007625191934835.jpg",""
"P00647","Polygonum aviculare","",""
"P00648","Polygonum cuspidatum","http://www.missouriplants.com/Whitealt/Polygonum_cuspidatum_plant.jpg",""
"P00649","Polygonum multiflorum","https://www.mountainvalleygrowers.com/images/polmultiflorum2006.jpg",""
"P00650","Polyporus umbellatus","http://www.mushroomexpert.com/images/kuo4/polyporus_umbellatus_04.jpg",""
"P00651","Poria cocos","http://www.extractchina.com/images/UploadFile/200912614259742.jpg",""
"P00652","Portulaca oleracea","http://upload.wikimedia.org/wikipedia/commons/5/55/Portulaca_oleracea.JPG",""
"P00653","Potentilla chinensis","http://www.chemfaces.com/imgs/Potentilla-chinensis-Ser-20454.jpg",""
"P00654","Pouzolzia zeylanica","http://www.mpbd.info/images/pouzolzia-zeylanica.jpg",""
"P00655","Prunella vulgaris","http://upload.wikimedia.org/wikipedia/commons/5/5d/Prunella_vulgaris_two.jpg",""
"P00656","Prunus africana","",""
"P00657","Prunus armeniaca","http://upload.wikimedia.org/wikipedia/commons/1/15/Prunus_armeniaca_E1.jpg",""
"P00658","Prunus avium","",""
"P00659","Prunus cerasus","http://upload.wikimedia.org/wikipedia/commons/thumb/e/e4/Illustration_Prunus_cerasus0.jpg/220px-Illustration_Prunus_cerasus0.jpg",""
"P00660","Prunus domestica","",""
"P00661","Prunus dulcis","",""
"P00662","Prunus jamasakura","http://www.westatic.com/img/dict/skbzk/plants-ya/yazaku_2.jpg",""
"P00663","Prunus mume","http://piedmontgardener.files.wordpress.com/2011/01/p-mume-peggy-clark-2-17-082.jpg",""
"P00664","Prunus persica","http://upload.wikimedia.org/wikipedia/commons/0/0e/Prunus_persica_Bonanza_fruit.jpg",""
"P00665","Psidium guajava","http://upload.wikimedia.org/wikipedia/commons/4/44/Psidium_guajava_fruit2.jpg",""
"P00666","Psophocarpus tetragonolobus","https://c2.staticflickr.com/2/1318/5162216770_022d13367a_z.jpg",""
"P00667","Psoralea corylifolia","http://upload.wikimedia.org/wikipedia/commons/thumb/0/0f/Psoralea_corylifolia_-_Agri-Horticultural_Society_of_India_-_Alipore_-_Kolkata_2013-01-05_2280.JPG/1024px-Psoralea_corylifolia_-_Agri-Horticultural_Society_of_India_-_Alipore_-_Kolkata_2013-01-05_2280.JPG",""
"P00668","Pterocarpus indica","http://3.bp.blogspot.com/-QMQ6MQhIAMI/UWQk2kr1VbI/AAAAAAAABNA/2xEizr8R2Ow/s1600/Pterocarpus_indicus.jpg",""
"P00669","Pteroloma triquetrum","",""
"P00670","Pterospermum javanicum","http://www.asianplant.net/Malvaceae/Pterospermum_javanicum.jpg",""
"P00671","Ptychopetalum olacoides","",""
"P00672","Ptychopetalum uncinatum","http://www.parasiticplants.siu.edu/Olacaceae/images/PtychopetalumOlacoides.jpg",""
"P00673","Pueraria lobata","http://www.missouriplants.com/Bluealt/Pueraria_lobata_plant.jpg",""
"P00674","Punica granatum","http://upload.wikimedia.org/wikipedia/commons/1/1f/Punica_granatum_Nana_fruit.jpg",""
"P00675","Pygeum africanum","http://www.rolv.no/images/planteleksikon/P/pygeum_africanum.jpg",""
"P00676","Pyrrosia sheareri","http://cdn3.volusion.com/ruwye.yjgah/v/vspfiles/photos/P1598-2.jpg?1375450401",""
"P00677","Quercus acutissima","http://upload.wikimedia.org/wikipedia/commons/a/a8/Quercus_acutissima.jpg",""
"P00678","Quercus lusitanica","http://2.bp.blogspot.com/_94fDLKBMgcQ/TTOAdv20yJI/AAAAAAAAAPM/TucsIvxJVvg/s320/P1032474.JPG",""
"P00679","Ranunculus ficaria","",""
"P00680","Raphanus sativus","http://botanix.org/botanix/images/17radish.jpg",""
"P00681","Rauvolvia serpentina","http://1.bp.blogspot.com/_xKU_CBycYGM/TF0WFEnJRsI/AAAAAAAAAIE/_11OwTtQN6w/s1600/Sarpagandha.jpg",""
"P00682","Rehmannia glutinosa","http://www.itmonline.org/image/rehm1.jpg",""
"P00683","Rehmannia preparata","http://i00.i.aliimg.com/photo/v0/607753814/Radix_Rehmanniae_Preparata_Extract_SHU_DI_HUANG.jpg",""
"P00684","Rheum coreanum","http://home.hiroshima-u.ac.jp/~shoyaku/photo/Japan/Shimane/010422Rheum.jpg",""
"P00685","Rheum officinale","http://www.henriettes-herb.com/files/images/photos/r/rh/d05_6622_rheum-officinale.jpg",""
"P00686","Rheum palmatum","",""
"P00687","Rheum tanguiticum","",""
"P00688","Rheum tanguticum","http://www.henriettes-herb.com/files/images/photos/r/rh/d05_6282_rheum-tanguticum.jpg",""
"P00689","Ribes nigrum","http://newfs.s3.amazonaws.com/taxon-images-1000s1000/Grossulariaceae/ribes-nigrum-fr-amrkvicka1.jpg",""
"P00690","Ricinus communis","http://www.missouriplants.com/Redalt/Ricinus_communis3.jpg",""
"P00691","Rosa centifolia","",""
"P00692","Rosa chinensis","http://upload.wikimedia.org/wikipedia/commons/9/96/Rosa_chinensis_(2).JPG",""
"P00693","Rubia cordifolia","http://upload.wikimedia.org/wikipedia/commons/7/71/Rubia_cordifolia.jpg",""
"P00694","Rubus rosaefolius","http://www.botany.hawaii.edu/faculty/carr/images/rub_ros_klove.jpg",""
"P00695","Ruellia tuberosa","http://upload.wikimedia.org/wikipedia/commons/e/ec/Ruellia_tuberosa_(Wayside_Tuberose)_in_Hyderabad_W_IMG_9011.jpg",""
"P00696","Ruscus aculeatus","",""
"P00697","Ruta angustifolia","http://1.bp.blogspot.com/_Ry3a3RhaOdE/S_Fchp6DinI/AAAAAAAAF0w/uehzRexMAh0/s1600/Ruta+angustifolia.jpg",""
"P00698","Ruta graveolens","http://upload.wikimedia.org/wikipedia/commons/5/50/Ruta_graveolens_LC0061.jpg",""
"P00699","Saccharum officinarum","http://www.botanicalgarden.ubc.ca/potd/images/2011/saccharum-officinarum-hybrid1.jpg",""
"P00700","Salix Alba","http://upload.wikimedia.org/wikipedia/commons/f/f8/Salix_alba_leaves.jpg",""
"P00701","Salvia coccinea","",""
"P00702","Salvia miltiorrhiza","http://www.itmonline.org/image/salvia1.jpg",""
"P00703","Sambucus javanica","",""
"P00704","Sanguisorba officinalis","http://mijntuin.s3.amazonaws.com/plants/3416.jpg",""
"P00705","Santalum album","http://upload.wikimedia.org/wikipedia/commons/3/30/Santalum_album_(Chandan)_in_Hyderabad,_AP_W_IMG_0023.jpg",""
"P00706","Saposhnikovia divaricata","http://www.henriettes-herb.com/files/images/photos/s/sa/d08_3091_saposhnikovia-divaricata.jpg",""
"P00707","Sargassum muticum","",""
"P00708","Sauropus androgynus","http://upload.wikimedia.org/wikipedia/commons/6/62/Sauropus_Androgynus_-_മലയച്ചീര_01.JPG",""
"P00709","Saussurea Lappa","http://api.ning.com/files/2DLW6vltdjRQtzgUVH6sZgr1AEu*QyDEfDiYUGvvB0RYolBVV8co2UCvDkihQ06-eA4tOWL6AnZtzzVvKiqGOEnF-K-GjpA-/SAUSSUREALAPPA.jpg",""
"P00710","Scaphium affinis","",""
"P00711","Schima noronhae","",""
"P00712","Schisandra chinensis","http://www.treeseedonline.com/uploads/1/0/2/3/10233208/s468003859194629765_p154_i1_w500.jpeg",""
"P00713","Schizonepeta tenuifolia","http://www.henriettes-herb.com/files/images/photos/s/sc/schizonepeta-tenuifolia.jpg",""
"P00714","Scrophularia buergeriana","http://wildplantsshimane.jp/Plates/Scrophularia_buergeriana_N1.jpg",""
"P00715","Scrophularia ningpoensiis","http://www.itmonline.org/image/rehm2.jpg",""
"P00716","Scrophularia ningpoensis","",""
"P00717","Scurrula atropurpurea","http://phytoimages.siu.edu/users/paraman1/6_6_12/Upload6June12c/ScurrulaAtropurpurea_UF6048.jpg",""
"P00718","Scurrula lepidota","",""
"P00719","Scutellaria baicalensis","http://www.botanicalgarden.ubc.ca/potd/scutellaria_baicalensis1.jpg",""
"P00720","Scutellariae Baicalensis","",""
"P00721","Sechium edule","http://upload.wikimedia.org/wikipedia/commons/c/c9/Sechium_edule_flower_and_fruit_2.JPG",""
"P00722","Selaginella doederlinii","http://upload.wikimedia.org/wikipedia/commons/5/54/Selaginella_doederleinii_生根卷柏_1_(天問).jpg",""
"P00723","Serenoa repens","http://2.bp.blogspot.com/-YDxIpbxqYkA/T9tI3ph6b5I/AAAAAAAAEdk/UalXldgc_QE/s1600/Saw+palmetto,+Serenoa+repens.JPG",""
"P00724","Serenoa serrulata","",""
"P00725","Sericocalyx crispus","http://1.bp.blogspot.com/-73bzhCSsqLo/TodhPCqEBuI/AAAAAAAAEQE/ClmpSKMGiuQ/s1600/Sericocalyx+crispus+%25E8%2584%2586%25E8%2591%2589%25E9%25A6%25AC%25E8%2598%25AD.JPG",""
"P00726","Sesamum indicum","http://www.africamuseum.be/prelude/prelude_pic/Sesamum_indicum3.jpg",""
"P00727","Sesbania grandiflora","http://www.tropicalforages.info/key/Forages/Media/Html/images/Sesbania_grandiflora/Sesbania_grandiflora_01.jpg",""
"P00728","Setaria italica","http://www.holoweb.com/nature/plants/images/Setaria_Italica_1.jpg",""
"P00729","Sida cordifolia","",""
"P00730","Sida retusa","http://www.thehomeherbalist.com/wp-content/uploads/2009/12/Sida-Retusa-Flower-300x225.jpg",""
"P00731","Sida rhombifolia","https://felipedelbosque.files.wordpress.com/2013/11/sida_rhombifolia_fdb0011-copy.jpg",""
"P00732","Siegesbeckia glabrescens","http://img.plantphoto.cn/image2/b/627852.jpg",""
"P00733","Siegesbeckia orientalis","http://lh5.googleusercontent.com/-FS3CZPZazpk/T1J3tYipX_I/AAAAAAAAUVc/twpKgPJlkLI/s1600/Siegesbeckia%2Borientalis%2B%252810%2529%2Bflor.jpg",""
"P00734","Silybum marianum","http://upload.wikimedia.org/wikipedia/commons/8/8e/Silybum_marianum_0003.JPG",""
"P00735","Simmondsia chinensis","http://www.swsbm.com/Images/S/Simmondsia_chinensis.jpg",""
"P00736","Sinapis alba","http://enfo.agt.bme.hu/drupal/sites/default/files/sinapis-alba-alba-1.jpg",""
"P00737","Sindora sumatrana","",""
"P00738","Sinomenium acutum","http://pharm1.pharmazie.uni-greifswald.de/systematik/7_bilder/yamasaki/Sinomenium.jpg",""
"P00739","Sisyrinchium striatum","http://upload.wikimedia.org/wikipedia/commons/a/ac/Sisyrinchium_striatum_1.jpg",""
"P00740","Smilax glabra","http://www.getwellnatural.com/images/herbs/smilax-glabra-smilax-aspera-800px.jpg",""
"P00741","Smilax zeylanica","http://upload.wikimedia.org/wikipedia/commons/f/f0/Smilax_zeylanica_12.JPG",""
"P00742","Solanum lycopersicum","http://www.ethno-botanik.org/Tomaten/Ananasove_Zlte/Fotos/500/Ananasove_Zlte_8.jpg",""
"P00743","Solanum torvum","http://plantes-rizieres-guyane.cirad.fr/var/riz_guyane/storage/images/media/images/solanum_torvum/9635-1-fre-FR/solanum_torvum.jpg",""
"P00744","Solanum tuberosum","",""
"P00745","Solanum verbacifolium","http://www.zhiwutong.com/tu/bp/s/solanum%20verbascifolium%2001%20jmpg.jpg",""
"P00746","Sonchus arvensis","http://www.agroatlas.ru/content/weeds/Sonchus_arvensis/Sonchus_arvensis.jpg",""
"P00747","Sophora flavescens","http://www.asianflora.com/Fabaceae/Sophora-flavescens-4.jpg",""
"P00748","Sophora japonica","http://upload.wikimedia.org/wikipedia/commons/5/5e/Sophora_japonica_JPG2Aa.jpg",""
"P00749","Sophora tonkinensis","",""
"P00750","Sophorae immaturus","",""
"P00751","Soya max","http://www.stuartxchange.org/Soya.jpg",""
"P00752","Sparganium stoloniferum","http://1.bp.blogspot.com/-m3NUgBM6o5Q/Tr-mjHKPrMI/AAAAAAAAD7E/2D6G6JC33Y4/s450/Burreed-tuber-%2528Sanleng%2529.jpg",""
"P00753","Spatholobus suberectus","http://www.chemfaces.com/imgs/Spatholobus-suberectus-Dunn-20041.jpg",""
"P00754","Spinacia oleracea","http://www.pfaf.org/Admin/PlantImages/SpinaciaOleracea.jpg",""
"P00755","Spirulina","http://terranut.com/wp-content/uploads/2013/06/spirulina.png",""
"P00756","Stachytarpheta cayennensis","",""
"P00757","Stachytarpheta indica","http://upload.wikimedia.org/wikipedia/commons/6/60/Stachytarpheta_indica.jpg",""
"P00758","Stachytarpheta jamaicensis","http://upload.wikimedia.org/wikipedia/commons/f/fc/Stachytarpheta_jamaicensis_kui-chang.jpg",""
"P00759","Stachytarpheta mutabilis","http://keyserver.lucidcentral.org/weeds/data/03030800-0b07-490a-8d04-0605030c0f01/media/Images/Stachytarpheta_mutabilis/stachytarpheta%20mutabilis4.jpg",""
"P00760","Stelechocarpus burahol","http://b-and-t-world-seeds.com/images/543214.jpg",""
"P00761","Stellaria dichotoma","",""
"P00762","Stephania tetrandra","http://1.bp.blogspot.com/-QwSYIRYOVxQ/T_Gf61qtJMI/AAAAAAAAEPI/73XdjRYmcHw/s531/Tetrandra-root-%2528Fangji%2529.jpg",""
"P00763","Sterculia foetida","http://upload.wikimedia.org/wikipedia/commons/3/39/Starr_080305-3292_Sterculia_foetida.jpg",""
"P00764","Sterculia lychnophora","",""
"P00765","Stevia rebaudiana","http://www.nepl.com.np/uploads/herbs_products/stevia_leaves_wholesale.jpg",""
"P00766","Stigma Maydis","http://www.herbaria.hu/data/gyogynovenyek/32.jpg",""
"P00767","Strobilanthes crispus","http://4.bp.blogspot.com/-mE3qmC7PQ2Q/S-WktiZyPsI/AAAAAAAAApo/vmierERft8I/s1600/DSC_0409.JPG",""
"P00768","Strychnos ligustrina","http://2.bp.blogspot.com/-VQuE-MAPGfc/TxrLjqxkpeI/AAAAAAAACRQ/2TvpbP28flk/s1600/strychnos-ligustrina.jpg",""
"P00769","Styrax benzoin","",""
"P00770","Sus scrofa","",""
"P00771","Swietenia macrophylla","http://www.prota4u.org/plantphotos/Swietenia%20macrophylla%203.jpg",""
"P00772","Swietenia mahagoni","http://www.ctahr.hawaii.edu/forestry/Data/photos/Swietenia_mahagoni_flwr_Pot.jpg",""
"P00773","Symphytum officinale","",""
"P00774","Symplocos odoratissima","http://www.asianplant.net/Symplocaceae/Symplocos_odoratissima.jpg",""
"P00775","Syzygium aromaticum","http://www.ecoplanet.in/Herbsandplants/images/Syzygium%20aromaticum.jpg",""
"P00776","Syzygium cumini","http://upload.wikimedia.org/wikipedia/commons/c/cc/Syzygium_cumini_flowers.JPG",""
"P00777","Syzygium jambos","http://upload.wikimedia.org/wikipedia/commons/4/4d/Starr_050818-4172_Syzygium_jambos.jpg",""
"P00778","Syzygium polyanthum","http://www.fobi.web.id/fbi/d/33502-3/Syzygium-polyanthum_Kampus_04.jpg",""
"P00779","Tagetes erecta","",""
"P00780","Talcum Crystallinum","",""
"P00781","Talinum paniculatum","http://toptropicals.com/pics/garden/c8/6898.jpg",""
"P00782","Talinum racemosum","",""
"P00783","Talinum triangulare","http://pics.davesgarden.com/pics/2006/08/10/artcons/92b520.jpg",""
"P00784","Tamarindus indica","http://upload.wikimedia.org/wikipedia/commons/0/0b/Starr_070403-6487_Tamarindus_indica.jpg",""
"P00785","Tanacetum parthenium","http://upload.wikimedia.org/wikipedia/commons/6/6d/Feverfew.jpg",""
"P00786","Taraxacum mongolicum","",""
"P00787","Taraxacum officinale","http://upload.wikimedia.org/wikipedia/commons/b/b2/Taraxacum_officinale_-_Köhler–s_Medizinal-Pflanzen-135.jpg",""
"P00788","Tectona grandis","http://upload.wikimedia.org/wikipedia/commons/a/a5/Starr_070123-3754_Tectona_grandis.jpg",""
"P00789","Terminalia arborea","",""
"P00790","Terminalia bellirica","http://pharm1.pharmazie.uni-greifswald.de/systematik/7_bilder/yamasaki/yamas210.jpg",""
"P00791","Terminalia catappa","http://upload.wikimedia.org/wikipedia/commons/9/90/Terminalia_Catappa_D8348.jpg",""
"P00792","Terminalia chebula","http://www.evaidyaji.com/asset/imagesimages/Haritaki.jpg",""
"P00793","Terra Flava","",""
"P00794","Tetranthera brawas","",""
"P00795","Theae sinensis","http://mutnauq.egloos.com/5388741",""
"P00796","Theobroma cacao","http://upload.wikimedia.org/wikipedia/commons/5/5a/Matadecacao.jpg",""
"P00797","Thuja orientalis","",""
"P00798","Thymus vulgaris","http://upload.wikimedia.org/wikipedia/commons/d/d4/Thymus_vulgaris0.jpg",""
"P00799","Tinospora crispa","https://toptropicals.com/pics/garden/05/6/6651.jpg",""
"P00800","Tinospora Rumphii","http://www.filipinoherbshealingwonders.filipinovegetarianrecipe.com/herbs_pics/makabuhay.jpg",""
"P00801","Tinospora tuberculata","http://greentropicals.files.wordpress.com/2012/09/patawali-2482.jpg",""
"P00802","Tribulus terrestris","http://upload.wikimedia.org/wikipedia/commons/d/d9/Starr_030612-0063_Tribulus_terrestris.jpg",""
"P00803","Trichosanthes bracteata","http://commons.wikimedia.org/wiki/File:Trichosanthes_bracteata_.jpg",""
"P00804","Trichosanthes kirilowii","",""
"P00805","Tridax procumbens","",""
"P00806","Trifolium pratense","http://www.missouriplants.com/Pinkalt/Trifolium_pratense_plant.jpg",""
"P00807","Trigonella foenum-graecum","http://www.mpbd.info/images/trigonella-foenum-graecum.jpg",""
"P00808","Triticum aestivum","http://www.botanicalgarden.ubc.ca/potd/triticum_aestivum.jpg",""
"P00809","Triticum vulgare","",""
"P00810","Turnera aphrodisiaca","",""
"P00811","Tussilago farfara","http://upload.wikimedia.org/wikipedia/commons/b/b8/Tussilago_farfara_whole.png",""
"P00812","Ulmus rubra","",""
"P00813","Uncaria gambir","http://upload.wikimedia.org/wikipedia/commons/4/4b/Uncaria_gambir_-_Köhler–s_Medizinal-Pflanzen-275.jpg",""
"P00814","Uncaria macropylla","http://www.2008red.com/member_pic_15/files/3776965/20080914214029.jpg",""
"P00815","Uncaria rhynchophylla","http://www.mitomori.co.jp/hana4/image/ki402kagika.jpg",""
"P00816","Uncaria sinensis","",""
"P00817","Usnea barbata","",""
"P00818","Usnea dasypoga","http://www.lichensmaritimes.org/images/Usnea_dasypoga_AV_Madrid_S2.jpg",""
"P00819","Usnea misaminensis","",""
"P00820","Vaccaria segetalis","",""
"P00821","Vaccinium myrtillus","https://nadjeeb.files.wordpress.com/2009/11/vaccinium_myrtillus.jpg",""
"P00822","Valeriana hardwickii","",""
"P00823","Valeriana javanica","",""
"P00824","Vanilla planifolia","",""
"P00825","Verbascum thapsus","",""
"P00826","Vetiveria zizanioides","http://www.discoverlife.org/IM/I_GEW/0019/320/Vetiveria_zizanioides,_Vetiver,_plant,I_GEW1912.jpg",""
"P00827","Vinca roseae","",""
"P00828","Viola hirta","",""
"P00829","Vitex agnus-castus","",""
"P00830","Vitex negundo","",""
"P00831","Vitex rotundifolia","http://thymeafterthyme.com/images/Vitex_rotundifolia.jpg",""
"P00832","Vitex trifolia","http://upload.wikimedia.org/wikipedia/commons/3/3a/Vitex_trifolia.jpg",""
"P00833","Vitis quadricornuta","",""
"P00834","Vitis vinifera","http://blog.wineenthusiast.com/wp-content/uploads/2009/05/vitisvinifera.jpg",""
"P00835","Woodfordia floribunda","http://kopsnursery.com/wp-content/uploads/2012/04/DSCN1305.jpg",""
"P00836","Xanthium sibricum","http://herbal.herbal.my/wp-content/uploads/2011/12/1272354313600_hz_myalibaba_web9_1915.jpg",""
"P00837","Zanthoxylum acanthopodium","",""
"P00838","Zanthoxylum americanum","",""
"P00839","Zanthoxylum piperitum","http://upload.wikimedia.org/wikipedia/commons/7/7f/Zanthoxylum_piperitum_leaves_ja01.jpg",""
"P00840","Zanthoxylum schinifolium","http://upload.wikimedia.org/wikipedia/commons/0/0a/Zanthoxylum_schinifolium_3.JPG",""
"P00841","Zea mays","http://www.tropicalforages.info/key/Forages/Media/Html/images/Zea_mays/Zea_mays_05.jpg",""
"P00842","Zingiber amaricans","http://tanamanherbal.files.wordpress.com/2007/12/lempuyangemprit.jpg",""
"P00843","Zingiber aromaticum","http://www.tropilab.com/tekeningen/puyangflowers-thum.gif",""
"P00844","Zingiber cassumunar","http://data2.whicdn.com/images/31894086/large.jpg",""
"P00845","Zingiber officinale","http://www.africamuseum.be/prelude/prelude_pic/Zingiber_officinale1.jpg",""
"P00846","Zingiber purpureum","http://1.bp.blogspot.com/-pme-qbogDV4/UAyx9NDOesI/AAAAAAAAA1g/eF6lx8nuwgg/s320/bangle1.jpg",""
"P00847","Zingiber zerumbet","http://pacificbulbsociety.org/pbswiki/files/Zingiber/Zingiber_zerumbet_Darceyi_01.jpg",""
"P00848","Ziziphus jujuba","http://gruett.com/wp-content/uploads/2011/12/Ziziphus-jujuba.jpg",""
"P00849","Ziziphus spina-christi","http://www.flowersinisrael.com/Flowgallery/Ziziphus_spina-christi_flower3.jpg",""
"P00850","Zizyphus jujuba","http://www.gyogynoveny.com/wp-content/uploads/2010/06/jujuba.jpg",""
